1,396.34600830078125,308.53900146484375,0.0,-90.02220153808594,0.0
2,396.34600830078125,308.53900146484375,0.0,-90.02220153808594,0.0
3,396.34600830078125,308.53900146484375,0.0,-90.02220153808594,0.0
4,396.34600830078125,308.53900146484375,0.0,-90.02220153808594,0.0
5,396.34600830078125,308.53900146484375,0.0,-90.02220153808594,0.0
6,396.34600830078125,308.53900146484375,0.0,-90.02220153808594,0.0
7,396.34600830078125,308.53900146484375,0.0,-90.02220153808594,0.0
8,396.34600830078125,308.53900146484375,0.0,-90.02220153808594,0.0
9,396.34600830078125,308.53900146484375,0.0,-90.02220153808594,0.0
10,396.34600830078125,308.53900146484375,0.0,-90.02220153808594,0.0
11,396.34600830078125,308.53900146484375,0.0,-90.02220153808594,0.0
12,396.34600830078125,308.53900146484375,0.0,-90.02220153808594,0.0
13,396.34600830078125,308.53900146484375,0.0,-90.02220153808594,0.0
14,396.34600830078125,308.53900146484375,0.0,-90.02220153808594,0.0
15,396.34600830078125,308.53900146484375,0.0,-90.02220153808594,0.0
16,396.34600830078125,308.53900146484375,0.0,-90.02220153808594,0.0
17,396.34600830078125,308.53900146484375,0.0,-90.02220153808594,0.0
18,396.34600830078125,308.53900146484375,0.0,-90.02220153808594,0.0
19,396.34600830078125,308.53900146484375,0.0,-90.02220153808594,0.0
20,396.34600830078125,308.53900146484375,0.0,-90.02220153808594,0.0
21,396.34600830078125,308.53900146484375,0.0,-90.02220153808594,0.0
22,396.34600830078125,308.53900146484375,0.0,-90.02220153808594,0.0
23,396.34600830078125,308.53900146484375,0.0,-90.02220153808594,0.0
24,396.34600830078125,308.53900146484375,0.0,-90.02220153808594,0.0
25,396.34600830078125,308.53900146484375,0.0,-90.02220153808594,0.0
26,396.34600830078125,308.53900146484375,0.0,-90.02220153808594,0.0
27,396.34600830078125,308.53900146484375,0.0,-90.02220153808594,0.0
28,396.34600830078125,308.53900146484375,0.0,-90.02220153808594,0.0
29,396.34600830078125,308.53900146484375,0.0,-90.02220153808594,0.0
30,396.34600830078125,308.53900146484375,0.0,-90.02220153808594,0.0
31,396.34600830078125,308.53900146484375,0.0,-90.02220153808594,0.0
32,396.34600830078125,308.53900146484375,0.0,-90.02220153808594,0.0
33,396.34600830078125,308.53900146484375,0.0,-90.02220153808594,0.0
34,396.34600830078125,308.53900146484375,0.0,-90.02220153808594,0.0
35,396.34600830078125,308.53900146484375,0.0,-90.02220153808594,0.0
36,396.34600830078125,308.53900146484375,0.0,-90.02220153808594,0.0
37,396.34600830078125,308.53900146484375,0.0,-90.02220153808594,0.0
38,396.34600830078125,308.53900146484375,0.0,-90.02220153808594,0.0
39,396.34600830078125,308.53900146484375,0.0,-90.02220153808594,0.0
40,396.34600830078125,308.53900146484375,0.0,-90.02220153808594,0.0
41,396.34600830078125,308.53900146484375,0.0,-90.02220153808594,0.0
42,396.34600830078125,308.53900146484375,0.0,-90.02220153808594,0.0
43,396.34600830078125,308.53900146484375,0.0,-90.02220153808594,0.0
44,396.34600830078125,308.53900146484375,0.0,-90.02220153808594,0.0
45,396.34600830078125,308.53900146484375,0.0,-90.02220153808594,0.0
46,396.34600830078125,308.53900146484375,0.0,-90.02220153808594,0.0
47,396.34600830078125,308.53900146484375,0.0,-90.02220153808594,0.0
48,396.34600830078125,308.53900146484375,0.0,-90.02220153808594,0.0
49,396.34600830078125,308.53900146484375,0.0,-90.02220153808594,0.0
50,396.34600830078125,308.53900146484375,0.0,-90.02220153808594,0.0
51,396.34600830078125,308.53900146484375,0.0,-90.02220153808594,0.0
52,396.34600830078125,308.53900146484375,0.0,-90.02220153808594,0.0
53,396.34600830078125,308.53900146484375,0.0,-90.02220153808594,0.0
54,396.34600830078125,308.53900146484375,0.0,-90.02220153808594,0.0
55,396.34600830078125,308.53900146484375,0.0,-90.02220153808594,0.0
56,396.34600830078125,308.53900146484375,0.0,-90.02220153808594,0.0
57,396.34600830078125,308.53900146484375,0.0,-90.02220153808594,0.0
58,396.34600830078125,308.53900146484375,0.0,-90.02220153808594,0.0
59,396.34600830078125,308.53900146484375,0.0,-90.02220153808594,0.0
60,396.34600830078125,308.53900146484375,0.0,-90.02220153808594,0.0
61,396.34600830078125,308.53900146484375,0.0,-90.02220153808594,0.0
62,396.34600830078125,308.53900146484375,0.0,-90.02220153808594,0.0
63,396.34600830078125,308.53900146484375,0.0,-90.02220153808594,0.0
64,396.34600830078125,308.53900146484375,0.0,-90.02220153808594,0.0
65,396.34600830078125,308.53900146484375,0.0,-90.02220153808594,0.0
66,396.34600830078125,308.53900146484375,0.0,-90.02220153808594,0.0
67,396.34600830078125,308.53900146484375,0.0,-90.02220153808594,0.0
68,396.34600830078125,308.53900146484375,0.0,-90.02220153808594,0.0
69,396.34600830078125,308.53900146484375,0.0,-90.02220153808594,0.0
70,396.34600830078125,308.53900146484375,0.0,-90.02220153808594,0.0
71,396.34600830078125,308.53900146484375,0.0,-90.02220153808594,0.0
72,396.34600830078125,308.53900146484375,0.0,-90.02220153808594,0.0
73,396.34600830078125,308.53900146484375,0.0,-90.02220153808594,0.0
74,396.34600830078125,308.53900146484375,0.0,-90.02220153808594,0.0
75,396.34600830078125,308.53900146484375,0.0,-90.02220153808594,0.0
76,396.34600830078125,308.53900146484375,0.0,-90.02220153808594,0.0
77,396.34600830078125,308.53900146484375,0.0,-90.02220153808594,0.0
78,396.34600830078125,308.53900146484375,0.0,-90.02220153808594,0.0
79,396.34600830078125,308.53900146484375,0.0,-90.02220153808594,0.0
80,396.34600830078125,308.53900146484375,0.0,-90.02220153808594,0.0
81,396.34600830078125,308.53900146484375,0.0,-90.02220153808594,0.0
82,396.34600830078125,308.53900146484375,0.0,-90.02220153808594,0.0
83,396.34600830078125,308.53900146484375,0.0,-90.02220153808594,0.0
84,396.34600830078125,308.53900146484375,0.0,-90.02220153808594,0.0
85,396.34600830078125,308.53900146484375,0.0,-90.02220153808594,0.0
86,396.34600830078125,308.53900146484375,0.0,-90.02220153808594,0.0
87,396.34600830078125,308.53900146484375,0.0,-90.02220153808594,0.0
88,396.34600830078125,308.53900146484375,0.0,-90.02220153808594,0.0
89,396.34600830078125,308.53900146484375,0.0,-90.02220153808594,0.0
90,396.34600830078125,308.53900146484375,0.0,-90.02220153808594,0.0
91,396.34600830078125,308.53900146484375,0.0,-90.02220153808594,0.0
92,396.34600830078125,308.53900146484375,0.0,-90.02220153808594,0.0
93,396.34600830078125,308.53900146484375,0.0,-90.02220153808594,0.0
94,396.34600830078125,308.53900146484375,0.0,-90.02220153808594,0.0
95,396.34600830078125,308.53900146484375,0.0,-90.02220153808594,0.0
96,396.34600830078125,308.53900146484375,0.0,-90.02220153808594,0.0
97,396.34600830078125,308.53900146484375,0.0,-90.02220153808594,0.0
98,396.34600830078125,308.53900146484375,0.0,-90.02220153808594,0.0
99,396.34600830078125,308.53900146484375,0.0,-90.02220153808594,0.0
100,396.34600830078125,308.53900146484375,0.0,-90.02220153808594,0.0
101,396.34600830078125,308.53900146484375,0.0,-90.02220153808594,0.0
102,396.34600830078125,308.53900146484375,0.0,-90.02220153808594,0.0
103,396.34600830078125,308.53900146484375,0.0,-90.02220153808594,0.0
104,396.34600830078125,308.53900146484375,0.0,-90.02220153808594,0.0
105,396.34600830078125,308.53900146484375,0.0,-90.02220153808594,0.0
106,396.34600830078125,308.53900146484375,0.0,-90.02220153808594,0.0
107,396.34600830078125,308.53900146484375,0.0,-90.02220153808594,0.0
108,396.34600830078125,308.53900146484375,0.0,-90.02220153808594,0.0
109,396.34600830078125,308.53900146484375,0.0,-90.02220153808594,0.0
110,396.34600830078125,308.53900146484375,0.0,-90.02220153808594,0.0
111,396.34600830078125,308.53900146484375,0.0,-90.02220153808594,0.0
112,396.34600830078125,308.53900146484375,0.0,-90.02220153808594,0.0
113,396.34600830078125,308.53900146484375,0.0,-90.02220153808594,0.0
114,396.34600830078125,308.53900146484375,0.0,-90.02220153808594,0.0
115,396.34600830078125,308.53900146484375,0.0,-90.02220153808594,0.0
116,396.34600830078125,308.53900146484375,0.0,-90.02220153808594,0.0
117,396.34600830078125,308.53900146484375,0.0,-90.02220153808594,0.0
118,396.34600830078125,308.53900146484375,0.0,-90.02220153808594,0.0
119,396.34600830078125,308.53900146484375,0.0,-90.02220153808594,0.0
120,396.34600830078125,308.53900146484375,0.0,-90.02220153808594,0.0
121,396.34600830078125,308.53900146484375,0.0,-90.02220153808594,0.0
122,396.34600830078125,308.53900146484375,0.0,-90.02220153808594,0.0
123,396.34600830078125,308.53900146484375,0.0,-90.02220153808594,0.0
124,396.34600830078125,308.53900146484375,0.0,-90.02220153808594,0.0
125,396.34600830078125,308.53900146484375,0.0,-90.02220153808594,0.0
126,396.34600830078125,308.53900146484375,0.0,-90.02220153808594,0.0
127,396.34600830078125,308.53900146484375,0.0,-90.02220153808594,0.0
128,396.34600830078125,308.53900146484375,0.0,-90.02220153808594,0.0
129,396.34600830078125,308.53900146484375,0.0,-90.02220153808594,0.0
130,396.34600830078125,308.53900146484375,0.0,-90.02220153808594,0.0
131,396.34600830078125,308.53900146484375,0.0,-90.02220153808594,0.0
132,396.34600830078125,308.53900146484375,0.0,-90.02220153808594,0.0
133,396.34600830078125,308.53900146484375,0.0,-90.02220153808594,0.0
134,396.34600830078125,308.53900146484375,0.0,-90.02220153808594,0.0
135,396.34600830078125,308.53900146484375,0.0,-90.02220153808594,0.0
136,396.34600830078125,308.53900146484375,0.0,-90.02220153808594,0.0
137,396.34600830078125,308.53900146484375,0.0,-90.02220153808594,0.0
138,396.34600830078125,308.53900146484375,0.0,-90.02220153808594,0.0
139,396.34600830078125,308.53900146484375,0.0,-90.02220153808594,0.0
140,396.34600830078125,308.53900146484375,0.0,-90.02220153808594,0.0
141,396.34600830078125,308.53900146484375,0.0,-90.02220153808594,0.0
142,396.34600830078125,308.53900146484375,0.0,-90.02220153808594,0.0
143,396.34600830078125,308.53900146484375,0.0,-90.02220153808594,0.0
144,396.34600830078125,308.53900146484375,0.0,-90.02220153808594,0.0
145,396.34600830078125,308.53900146484375,0.0,-90.02220153808594,0.0
146,396.34600830078125,308.53900146484375,0.0,-90.02220153808594,0.0
147,396.34600830078125,308.53900146484375,0.0,-90.02220153808594,0.0
148,396.34600830078125,308.53900146484375,0.0,-90.02220153808594,0.0
149,396.34600830078125,308.53900146484375,0.0,-90.02220153808594,0.0
150,396.34600830078125,308.53900146484375,0.0,-90.02220153808594,0.0
151,396.34600830078125,308.53900146484375,0.0,-90.02220153808594,0.0
152,396.34600830078125,308.53900146484375,0.0,-90.02220153808594,0.0
153,396.34600830078125,308.53900146484375,0.0,-90.02220153808594,0.0
154,396.34600830078125,308.53900146484375,0.0,-90.02220153808594,0.0
155,396.34600830078125,308.53900146484375,0.0,-90.02220153808594,0.0
156,396.34600830078125,308.53900146484375,0.0,-90.02220153808594,0.0
157,396.34600830078125,308.53900146484375,0.0,-90.02220153808594,0.0
158,396.34600830078125,308.53900146484375,0.0,-90.02220153808594,0.0
159,396.34600830078125,308.53900146484375,0.0,-90.02220153808594,0.0
160,396.34600830078125,308.53900146484375,0.0,-90.02220153808594,0.0
161,396.34600830078125,308.53900146484375,0.0,-90.02220153808594,0.0
162,396.34600830078125,308.53900146484375,0.0,-90.02220153808594,0.0
163,396.34600830078125,308.53900146484375,0.0,-90.02220153808594,0.0
164,396.34600830078125,308.53900146484375,0.0,-90.02220153808594,0.0
165,396.34600830078125,308.53900146484375,0.0,-90.02220153808594,0.0
166,396.34600830078125,308.53900146484375,0.0,-90.02220153808594,0.0
167,396.34600830078125,308.53900146484375,0.0,-90.02220153808594,0.0
168,396.34600830078125,308.53900146484375,0.0,-90.02220153808594,0.0
169,396.34600830078125,308.53900146484375,0.0,-90.02220153808594,0.0
170,396.34600830078125,308.53900146484375,0.0,-90.02220153808594,0.0
171,396.34600830078125,308.53900146484375,0.0,-90.02220153808594,0.0
172,396.34600830078125,308.53900146484375,0.0,-90.02220153808594,0.0
173,396.34600830078125,308.53900146484375,0.0,-90.02220153808594,0.0
174,396.34600830078125,308.53900146484375,0.0,-90.02220153808594,0.0
175,396.34600830078125,308.53900146484375,0.0,-90.02220153808594,0.0
176,396.34600830078125,308.53900146484375,0.0,-90.02220153808594,0.0
177,396.34600830078125,308.53900146484375,0.0,-90.02220153808594,0.0
178,396.34600830078125,308.53900146484375,0.0,-90.02220153808594,0.0
179,396.34600830078125,308.53900146484375,0.0,-90.02220153808594,0.0
180,396.34600830078125,308.53900146484375,0.0,-90.02220153808594,0.0
181,396.34600830078125,308.53900146484375,0.0,-90.02220153808594,0.0
182,396.34600830078125,308.53900146484375,0.0,-90.02220153808594,0.0
183,396.34600830078125,308.53900146484375,0.0,-90.02220153808594,0.0
184,396.34600830078125,308.53900146484375,0.0,-90.02220153808594,0.0
185,396.34600830078125,308.53900146484375,0.0,-90.02220153808594,0.0
186,396.34600830078125,308.53900146484375,0.0,-90.02220153808594,0.0
187,396.34600830078125,308.53900146484375,0.0,-90.02220153808594,0.0
188,396.34600830078125,308.53900146484375,0.0,-90.02220153808594,0.0
189,396.34600830078125,308.53900146484375,0.0,-90.02220153808594,0.0
190,396.34600830078125,308.53900146484375,0.0,-90.02220153808594,0.0
191,396.34600830078125,308.53900146484375,0.0,-90.02220153808594,0.0
192,396.34600830078125,308.53900146484375,0.0,-90.02220153808594,0.0
193,396.34600830078125,308.53900146484375,0.0,-90.02220153808594,0.0
194,396.34600830078125,308.53900146484375,0.0,-90.02220153808594,0.0
195,396.34600830078125,308.53900146484375,0.0,-90.02220153808594,0.0
196,396.34600830078125,308.53900146484375,0.0,-90.02220153808594,0.0
197,396.34600830078125,308.53900146484375,0.0,-90.02220153808594,0.0
198,396.34600830078125,308.53900146484375,0.0,-90.02220153808594,0.0
199,396.34600830078125,308.53900146484375,0.0,-90.02220153808594,0.0
200,396.34600830078125,308.53900146484375,0.0,-90.02220153808594,0.0
201,396.34600830078125,308.53900146484375,0.0,-90.02220153808594,0.0
202,396.34600830078125,308.53900146484375,0.0,-90.02220153808594,0.0
203,396.34600830078125,308.53900146484375,0.0,-90.02220153808594,0.0
204,396.34600830078125,308.53900146484375,0.0,-90.02220153808594,0.0
205,396.34600830078125,308.53900146484375,0.0,-90.02220153808594,0.0
206,396.34600830078125,308.53900146484375,0.0,-90.02220153808594,0.0
207,396.34600830078125,308.53900146484375,0.0,-90.02220153808594,0.0
208,396.34600830078125,308.53900146484375,0.0,-90.02220153808594,0.0
209,396.34600830078125,308.53900146484375,0.0,-90.02220153808594,0.0
210,396.34600830078125,308.53900146484375,0.0,-90.02220153808594,0.0
211,396.34600830078125,308.53900146484375,0.0,-90.02220153808594,0.0
212,396.34600830078125,308.53900146484375,0.0,-90.02220153808594,0.0
213,396.34600830078125,308.53900146484375,0.0,-90.02220153808594,0.0
214,396.34600830078125,308.53900146484375,0.0,-90.02220153808594,0.0
215,396.34600830078125,308.53900146484375,0.0,-90.02220153808594,0.0
216,396.34600830078125,308.53900146484375,0.0,-90.02220153808594,0.0
217,396.34600830078125,308.53900146484375,0.0,-90.02220153808594,0.0
218,396.34600830078125,308.53900146484375,0.0,-90.02220153808594,0.0
219,396.34600830078125,308.53900146484375,0.0,-90.02220153808594,0.0
220,396.34600830078125,308.53900146484375,0.0,-90.02220153808594,0.0
221,396.34600830078125,308.53900146484375,0.0,-90.02220153808594,0.0
222,396.34600830078125,308.53900146484375,-0.0022607899736613035,-90.02230072021484,-6.1035101680317894e-05
223,396.34600830078125,308.53900146484375,-0.004275700077414513,-90.02239990234375,-6.103519990574569e-05
224,396.34600830078125,308.53900146484375,-0.006072040181607008,-90.02249908447266,-6.1034999816911295e-05
225,396.34600830078125,308.53900146484375,-0.0076634702272713184,-90.02259826660156,-6.103519990574569e-05
226,396.34600830078125,308.53900146484375,-0.00909780990332365,-90.02259826660156,-6.103519990574569e-05
227,396.34600830078125,308.53900146484375,-0.010347699746489525,-90.02269744873047,-6.103519990574569e-05
228,396.34600830078125,308.53900146484375,-0.011228799819946289,-90.02279663085938,-6.103560008341447e-05
229,396.34600830078125,308.53900146484375,-0.012267000041902065,-90.02290344238281,-6.103519990574569e-05
230,396.34600830078125,308.53900146484375,-0.013182300142943859,-90.02290344238281,-6.103560008341447e-05
231,396.34600830078125,308.53900146484375,-0.014008699916303158,-90.02300262451172,-9.155260340776294e-05
232,396.34600830078125,308.53900146484375,-0.014739500358700752,-90.02310180664062,-9.155309817288071e-05
233,396.34600830078125,308.53900146484375,-0.01538159977644682,-90.02320098876953,-9.155220323009416e-05
234,396.34600830078125,308.53900146484375,-0.015955299139022827,-90.02320098876953,-9.155220323009416e-05
235,396.34600830078125,308.53900146484375,-0.016453899443149567,-90.02330017089844,-9.155309817288071e-05
236,396.34600830078125,308.53900146484375,-0.016911499202251434,-90.02339935302734,-9.155309817288071e-05
237,396.34600830078125,308.53900146484375,-0.01733499951660633,-90.02349853515625,-9.155309817288071e-05
238,396.34600830078125,308.53900146484375,-0.01766970008611679,-90.02359771728516,-9.155309817288071e-05
239,396.34600830078125,308.53900146484375,-0.01800440065562725,-90.02359771728516,-9.155309817288071e-05
240,396.34600830078125,308.53900146484375,-0.018277600407600403,-90.02369689941406,-9.155220323009416e-05
241,396.34600830078125,308.53900146484375,-0.018523499369621277,-90.0238037109375,-9.155309817288071e-05
242,396.34600830078125,308.5159912109375,-0.017089100554585457,-90.0238037109375,-9.155309817288071e-05
243,396.34600830078125,308.4909973144531,-0.013790200464427471,-90.0238037109375,-9.155260340776294e-05
244,396.34600830078125,308.468994140625,-0.013790200464427471,-90.0238037109375,-9.155260340776294e-05
245,396.34600830078125,308.4440002441406,-0.010737099684774876,-90.0238037109375,-6.103519990574569e-05
246,396.34600830078125,308.4219970703125,-0.010989800095558167,-90.0238037109375,-6.103560008341447e-05
247,396.34600830078125,308.3970031738281,-0.008332829922437668,-90.0238037109375,-6.103519990574569e-05
248,396.34600830078125,308.3739929199219,-0.008851920254528522,-90.0238037109375,-6.103519990574569e-05
249,396.34600830078125,308.3489990234375,-0.006440869998186827,-90.0238037109375,-6.1034999816911295e-05
250,396.34600830078125,308.3269958496094,-0.007144379895180464,-90.0238037109375,-6.103519990574569e-05
251,396.34600830078125,308.302001953125,-0.004945059772580862,-90.0238037109375,-6.1034999816911295e-05
252,396.34600830078125,308.2799987792969,-0.005798830185085535,-90.0238037109375,-6.1034999816911295e-05
253,396.34600830078125,308.2550048828125,-0.0037224499974399805,-90.0238037109375,-6.1034999816911295e-05
254,396.34600830078125,308.2330017089844,-0.00476064020767808,-90.0238037109375,-6.1034999816911295e-05
255,396.34600830078125,308.2080078125,-0.0028072099667042494,-90.0238037109375,-6.1035101680317894e-05
256,396.34600830078125,308.1860046386719,-0.003906869795173407,-90.0238037109375,-6.1034999816911295e-05
257,396.34600830078125,308.1610107421875,-0.002049060072749853,-90.0238037109375,-6.1035101680317894e-05
258,396.34600830078125,308.1390075683594,-0.003264829982072115,-90.0238037109375,-6.1034999816911295e-05
259,396.34600830078125,308.114013671875,-0.0014684899942949414,-90.0238037109375,-6.103519990574569e-05
260,396.34600830078125,308.09100341796875,-0.002718420000746846,-90.0238037109375,-6.1034999816911295e-05
261,396.34600830078125,308.0660095214844,-0.0009767169831320643,-90.0238037109375,-6.1035101680317894e-05
262,396.34600830078125,307.9939880371094,-0.0032033598981797695,-90.0238037109375,-6.1034999816911295e-05
263,396.34600830078125,307.9179992675781,-0.0014343400252982974,-90.0238037109375,-6.103519990574569e-05
264,396.34600830078125,307.843994140625,-0.002684260020032525,-90.0238037109375,-9.155279985861853e-05
265,396.34600830078125,307.76800537109375,-0.0009767169831320643,-90.0238037109375,-9.155269799521193e-05
266,396.34600830078125,307.6940002441406,-0.002288110088557005,-90.0238037109375,-9.155269799521193e-05
267,396.34600830078125,307.6180114746094,-0.0006147170206531882,-90.0238037109375,-0.00012206999963382259
268,396.34600830078125,307.54400634765625,-0.0019875799771398306,-90.0238037109375,-0.00012206999963382259
269,396.34600830078125,307.4679870605469,-0.00033467900357209146,-90.0238037109375,-0.00012206999963382259
270,396.34600830078125,307.3940124511719,-0.0017416999908164144,-90.0238037109375,-0.00015258800704032183
271,396.34600830078125,307.3179931640625,-0.0001229430054081604,-90.0238037109375,-0.00015258800704032183
272,396.34600830078125,307.2439880371094,-0.001529959961771965,-90.0238037109375,-0.00015258800704032183
273,396.34600830078125,307.1679992675781,6.830190250184387e-05,-90.0238037109375,-0.0001831050030887127
274,396.34600830078125,307.093994140625,6.830190250184387e-05,-90.0238037109375,-0.0001831050030887127
275,396.34600830078125,307.01800537109375,0.0014138499973341823,-90.0238037109375,-0.00021362300321925431
276,396.34600830078125,306.9440002441406,-0.00018441499560140073,-90.0238037109375,-0.00024414100334979594
277,396.34600830078125,306.8680114746094,0.0012772500049322844,-90.0238037109375,-0.00024414100334979594
278,396.34600830078125,306.79400634765625,-0.0003073590050917119,-90.0238037109375,-0.0002746579993981868
279,396.34600830078125,306.7179870605469,0.0011611300287768245,-90.0238037109375,-0.00030517601408064365
280,396.34600830078125,306.6440124511719,-0.00039615100831724703,-90.0238037109375,-0.00030517601408064365
281,396.34600830078125,306.5679931640625,0.0010723399464040995,-90.0238037109375,-0.0003356930101290345
282,396.34600830078125,306.4330139160156,-0.0015572799602523446,-90.02369689941406,-0.0003967279917560518
283,396.34600830078125,306.29400634765625,3.4150900319218636e-05,-90.02369689941406,-0.000457763992017135
284,396.34600830078125,306.1579895019531,-0.0014070200268179178,-90.02369689941406,-0.000457763992017135
285,396.34600830078125,306.0190124511719,0.00017075499636121094,-90.02369689941406,-0.0004882809880655259
286,396.34600830078125,305.88299560546875,-0.0012840799754485488,-90.02369689941406,-0.0004882809880655259
287,396.34600830078125,305.7439880371094,0.0002800379879772663,-90.02369689941406,-0.0005187990027479827
288,396.34600830078125,305.6080017089844,-0.001188450027257204,-90.02369689941406,-0.0005493159987963736
289,396.34600830078125,305.4700012207031,0.00036199999158270657,-90.02359771728516,-0.000579833984375
290,396.34600830078125,305.3330078125,-0.001099659944884479,-90.02359771728516,-0.0006103520281612873
291,396.34600830078125,305.19500732421875,0.00042347199632786214,-90.02359771728516,-0.0006713870097883046
292,396.34600830078125,305.0589904785156,-0.0010381899774074554,-90.02359771728516,-0.0007019040058366954
293,396.34600830078125,304.9200134277344,0.0004849430115427822,-90.02359771728516,-0.0007629389874637127
294,396.34600830078125,304.78399658203125,-0.0010108699789270759,-90.02359771728516,-0.0008239750168286264
295,396.34600830078125,304.6449890136719,0.0005259250174276531,-90.02359771728516,-0.0008850099984556437
296,396.34600830078125,304.5090026855469,-0.0009767169831320643,-90.02349853515625,-0.0009155269945040345
297,396.34600830078125,304.3699951171875,0.0005600759759545326,-90.02349853515625,-0.0009765619761310518
298,396.34600830078125,304.2340087890625,-0.0009493959951214492,-90.02349853515625,-0.0009460449800826609
299,396.34600830078125,304.0950012207031,0.0005873959744349122,-90.02349853515625,-0.0009155269945040345
300,396.34600830078125,303.9590148925781,-0.0009152449783869088,-90.02349853515625,-0.0009155269945040345
301,396.34600830078125,303.82000732421875,0.0006078869919292629,-90.02349853515625,-0.0009155269945040345
302,396.34600830078125,303.6400146484375,-0.0003073590050917119,-90.02349853515625,-0.0009155269945040345
303,396.3450012207031,303.4570007324219,0.0007991319871507585,-90.02339935302734,-0.0009460449800826609
304,396.3450012207031,303.2770080566406,-0.00039615100831724703,-90.02339935302734,-0.0009765619761310518
305,396.3450012207031,303.093994140625,0.0007376599824056029,-90.02339935302734,-0.0010070799617096782
306,396.3450012207031,302.9129943847656,-0.0004576230130624026,-90.02330017089844,-0.0010070799617096782
307,396.3450012207031,302.7300109863281,0.0006898490246385336,-90.02330017089844,-0.0010375999845564365
308,396.3450012207031,302.54901123046875,-0.0005190939991734922,-90.02320098876953,-0.001068120007403195
309,396.3450012207031,302.3659973144531,0.0006488679791800678,-90.02320098876953,-0.001068120007403195
310,396.343994140625,302.18499755859375,-0.0005532450159080327,-90.02320098876953,-0.0010986300185322762
311,396.343994140625,302.00201416015625,0.0006147170206531882,-90.02320098876953,-0.0010070799617096782
312,396.343994140625,301.8210144042969,-0.0005805660039186478,-90.02310180664062,-0.0009460449800826609
313,396.343994140625,301.63800048828125,0.0005873959744349122,-90.02310180664062,-0.0009155269945040345
314,396.343994140625,301.4570007324219,-0.0005805660039186478,-90.02310180664062,-0.0009155269945040345
315,396.343994140625,301.27398681640625,0.000566906004678458,-90.02310180664062,-0.0008850099984556437
316,396.343994140625,301.0929870605469,-0.0006147170206531882,-90.02310180664062,-0.0008850099984556437
317,396.343994140625,300.9110107421875,0.0005532450159080327,-90.02300262451172,-0.0008850099984556437
318,396.343994140625,300.7300109863281,-0.0006147170206531882,-90.02300262451172,-0.0008850099984556437
319,396.343994140625,300.5469970703125,0.0005395850166678429,-90.02290344238281,-0.0009155269945040345
320,396.343994140625,300.3659973144531,-0.0006420380086638033,-90.02290344238281,-0.0009155269945040345
321,396.343994140625,300.1830139160156,0.0005327549879439175,-90.02290344238281,-0.0009460449800826609
322,396.3429870605469,299.95001220703125,-0.0014070200268179178,-90.02290344238281,-0.0008850099984556437
323,396.3429870605469,299.7149963378906,-0.0009152449783869088,-90.02290344238281,-0.0008544920128770173
324,396.3429870605469,299.4809875488281,-0.0011269799433648586,-90.02290344238281,-0.0007934569730423391
325,396.3429870605469,299.2460021972656,-0.0007035090238787234,-90.02279663085938,-0.0007324219914153218
326,396.3429870605469,299.010986328125,-0.0009767169831320643,-90.02279663085938,-0.0007019040058366954
327,396.3420104980469,298.7760009765625,-0.0005532450159080327,-90.02279663085938,-0.0006408690242096782
328,396.3420104980469,298.5419921875,-0.0008264529751613736,-90.02279663085938,-0.000579833984375
329,396.3420104980469,298.3070068359375,-0.0004576230130624026,-90.02279663085938,-0.0005187990027479827
330,396.3420104980469,298.072998046875,-0.0007308300118893385,-90.02279663085938,-0.0004882809880655259
331,396.3420104980469,297.8380126953125,-0.00033467900357209146,-90.02279663085938,-0.00042724600643850863
332,396.3420104980469,297.6029968261719,-0.0006420380086638033,-90.02279663085938,-0.0003967279917560518
333,396.3420104980469,297.3680114746094,-0.0002732079883571714,-90.02279663085938,-0.0003662109957076609
334,396.3420104980469,297.1340026855469,-0.0005805660039186478,-90.02269744873047,-0.0003662109957076609
335,396.3420104980469,296.89898681640625,-0.00021856599778402597,-90.02269744873047,-0.0003356930101290345
336,396.3420104980469,296.6650085449219,-0.0005190939991734922,-90.02269744873047,-0.0003356930101290345
337,396.34100341796875,296.42999267578125,-0.00018441499560140073,-90.02269744873047,-0.00030517601408064365
338,396.34100341796875,296.19500732421875,-0.0004917740006931126,-90.02269744873047,-0.00030517601408064365
339,396.34100341796875,295.9599914550781,-0.0001229430054081604,-90.02269744873047,-0.0002746579993981868
340,396.34100341796875,295.72601318359375,-0.0004576230130624026,-90.02269744873047,-0.0002746579993981868
341,396.34100341796875,295.4909973144531,-9.562259947415441e-05,-90.02269744873047,-0.00024414100334979594
342,396.34100341796875,295.1940002441406,-0.004460109863430262,-90.02259826660156,-0.00024414100334979594
343,396.34100341796875,294.885986328125,0.0038249099161475897,-90.02259826660156,-0.00024414100334979594
344,396.34100341796875,294.59100341796875,-0.004849430173635483,-90.02259826660156,-0.00021362300321925431
345,396.3399963378906,294.2829895019531,0.0039137001149356365,-90.02259826660156,-0.00015258800704032183
346,396.3399963378906,293.989013671875,-0.00476064020767808,-90.02259826660156,-0.00012206999963382259
347,396.3399963378906,293.6809997558594,-0.0034833999816328287,-90.02259826660156,-9.155260340776294e-05
348,396.3399963378906,293.385986328125,-0.010771200060844421,-90.02249908447266,-6.1034799728076905e-05
349,396.3399963378906,293.0780029296875,-0.0014343400252982974,-90.02249908447266,-3.051759995287284e-05
350,396.3399963378906,292.7829895019531,-0.00955543015152216,-90.02249908447266,2.1274299797369167e-05
351,396.3399963378906,292.4750061035156,-0.00033467900357209146,-90.02249908447266,4.021270069642924e-05
352,396.3399963378906,292.17999267578125,-0.00857189018279314,-90.02249908447266,7.17645016266033e-05
353,396.3389892578125,291.87200927734375,0.000566906004678458,-90.02249908447266,6.296340143308043e-05
354,396.3389892578125,291.5780029296875,-0.007752260193228722,-90.02249908447266,7.064350211294368e-05
355,396.3389892578125,291.2699890136719,0.0012840799754485488,-90.02249908447266,8.862529648467898e-05
356,396.3389892578125,290.9750061035156,-0.007110230159014463,-90.02249908447266,0.00011396800255170092
357,396.3389892578125,290.6669921875,0.0018578099552541971,-90.02249908447266,0.00012040699948556721
358,396.3389892578125,290.37200927734375,-0.006625279784202576,-90.02249908447266,0.0001408200041623786
359,396.3389892578125,290.0639953613281,0.002322260057553649,-90.02249908447266,0.00014268500672187656
360,396.3389892578125,289.7690124511719,-0.0061949798837304115,-90.02249908447266,0.00013540999498218298
361,396.3380126953125,289.46099853515625,0.002684260020032525,-90.02249908447266,0.00014430200099013746
362,396.3380126953125,289.1080017089844,-0.0064681898802518845,-90.02249908447266,0.00016854700515978038
363,396.3380126953125,288.739990234375,0.0019192800391465425,-90.02249908447266,0.0002004550042329356
364,396.3380126953125,288.385009765625,-0.005832979921251535,-90.02249908447266,0.00024357999791391194
365,396.3380126953125,288.01800537109375,0.0022949399426579475,-90.02249908447266,0.0002792410086840391
366,396.3380126953125,287.6629943847656,-0.005464150104671717,-90.02249908447266,0.0002662109909579158
367,396.3370056152344,287.2959899902344,0.0026091299951076508,-90.02249908447266,0.0002782150113489479
368,396.3370056152344,286.9410095214844,-0.005190940108150244,-90.02249908447266,0.0003082129987888038
369,396.3370056152344,286.5740051269531,0.002855020109564066,-90.02249908447266,0.00032182701397687197
370,396.3370056152344,286.218994140625,-0.00497920997440815,-90.02249908447266,0.00034685799619182944
371,396.3370056152344,285.85198974609375,0.00305991992354393,-90.02249908447266,0.00036541299778036773
372,396.3370056152344,285.49700927734375,-0.00479478994384408,-90.02249908447266,0.00033511201036162674
373,396.3370056152344,285.1300048828125,0.003217020072042942,-90.02249908447266,0.00033148599322885275
374,396.33599853515625,284.7749938964844,-0.004637700039893389,-90.02249908447266,0.00034148700069636106
375,396.33599853515625,284.4070129394531,0.0033467900939285755,-90.02249908447266,0.00035817301250062883
376,396.33599853515625,284.052001953125,-0.004521590191870928,-90.02249908447266,0.0003833619994111359
377,396.33599853515625,283.68499755859375,0.0034492500126361847,-90.02249908447266,0.0003550240071490407
378,396.33599853515625,283.3299865722656,-0.004425960127264261,-90.02249908447266,0.0003533469862304628
379,396.33599853515625,282.9630126953125,0.0035312098916620016,-90.02249908447266,0.0003651719889603555
380,396.33599853515625,282.6080017089844,-0.004364490043371916,-90.02249908447266,0.00037653298932127655
381,396.33599853515625,282.2409973144531,0.0035995100624859333,-90.02249908447266,0.00038750600651837885
382,396.33599853515625,281.864990234375,-0.004521590191870928,-90.02249908447266,0.0004098089993931353
383,396.3349914550781,281.4779968261719,0.003237510100007057,-90.02249908447266,0.0003717909858096391
384,396.3349914550781,281.10198974609375,-0.004337170161306858,-90.02249908447266,0.0003654100000858307
385,396.3349914550781,280.7139892578125,0.003333129920065403,-90.02249908447266,0.00037124400842003524
386,396.3349914550781,280.3380126953125,-0.004241549875587225,-90.02249908447266,0.00039860198739916086
387,396.3349914550781,279.95001220703125,0.0034082599449902773,-90.02249908447266,0.00041515700286254287
388,396.3349914550781,279.5740051269531,-0.0041800797916948795,-90.02249908447266,0.0003811710048466921
389,396.3340148925781,279.1860046386719,0.0034765698947012424,-90.02249908447266,0.00037171601434238255
390,396.3340148925781,278.80999755859375,-0.004118599928915501,-90.02249908447266,0.000379147008061409
391,396.3340148925781,278.4219970703125,0.0035312098916620016,-90.02249908447266,0.0003966180083807558
392,396.3340148925781,278.0459899902344,-0.0040844501927495,-90.02249908447266,0.0004213599895592779
393,396.3340148925781,277.6579895019531,0.003572189947590232,-90.02249908447266,0.00038508299621753395
394,396.3340148925781,277.2820129394531,-0.0040298099629580975,-90.02239990234375,0.0003792500065173954
395,396.3330078125,276.8940124511719,0.003606339916586876,-90.02249908447266,0.0003853490052279085
396,396.3330078125,276.51800537109375,-0.00400249008089304,-90.02239990234375,0.00040752600762061775
397,396.3330078125,276.1300048828125,0.0036336600314825773,-90.02249908447266,0.0004324569890741259
398,396.3330078125,275.7539978027344,-0.003968339879065752,-90.02249908447266,0.000403768994146958
399,396.3330078125,275.36700439453125,0.0036541500594466925,-90.02249908447266,0.000402987003326416
400,396.3330078125,274.989990234375,-0.003968339879065752,-90.02249908447266,0.00041324400808662176
401,396.3320007324219,274.6029968261719,0.0036678100004792213,-90.02249908447266,0.0004328789946157485
402,396.3320007324219,274.2179870605469,-0.0040298099629580975,-90.02249908447266,0.00045779498759657145
403,396.3320007324219,273.8219909667969,0.00351072009652853,-90.02249908447266,0.0004794209962710738
404,396.3320007324219,273.43798828125,-0.003968339879065752,-90.02249908447266,0.00044417299795895815
405,396.3320007324219,273.0419921875,0.003544870065525174,-90.02249908447266,0.0004410519904922694
406,396.3320007324219,272.6570129394531,-0.003941019997000694,-90.02249908447266,0.0004486899997573346
407,396.3320007324219,272.260986328125,0.003572189947590232,-90.02249908447266,0.0004710869980044663
408,396.3320007324219,271.87701416015625,-0.003906869795173407,-90.02249908447266,0.0005044720019213855
409,396.33099365234375,271.4809875488281,0.003592679975554347,-90.02249908447266,0.000461165007436648
410,396.33099365234375,271.09600830078125,-0.003906869795173407,-90.02249908447266,0.00045109400525689125
411,396.33099365234375,270.70001220703125,0.003606339916586876,-90.02249908447266,0.00044997999793849885
412,396.33099365234375,270.3160095214844,-0.003879549913108349,-90.02249908447266,0.00047666800674051046
413,396.33099365234375,269.9200134277344,0.003626829944550991,-90.02249908447266,0.0004875209997408092
414,396.33099365234375,269.5350036621094,-0.003879549913108349,-90.02249908447266,0.0004505969991441816
415,396.3299865722656,269.1390075683594,0.00364048988558352,-90.02249908447266,0.0004458189941942692
416,396.3299865722656,268.7550048828125,-0.003845399944111705,-90.02249908447266,0.0004530870064627379
417,396.3299865722656,268.3590087890625,0.003647319972515106,-90.02249908447266,0.0004748720093630254
418,396.3299865722656,267.9739990234375,-0.003845399944111705,-90.02249908447266,0.0005011800094507635
419,396.3299865722656,267.5780029296875,0.0036541500594466925,-90.02249908447266,0.0004575240018311888
420,396.3299865722656,267.1940002441406,-0.003845399944111705,-90.02249908447266,0.0004456629976630211
421,396.3290100097656,266.7980041503906,0.003660979913547635,-90.02249908447266,0.0004459430056158453
422,396.3290100097656,266.4110107421875,-0.003879549913108349,-90.02249908447266,0.00047032401198521256
423,396.3290100097656,266.0119934082031,0.003606339916586876,-90.02249908447266,0.00048146999324671924
424,396.3290100097656,265.6239929199219,-0.003845399944111705,-90.02249908447266,0.00044609198812395334
425,396.3290100097656,265.22601318359375,0.003613170003518462,-90.02249908447266,0.00044217100366950035
426,396.3290100097656,264.8380126953125,-0.003845399944111705,-90.02239990234375,0.00044875399908050895
427,396.3290100097656,264.44000244140625,0.003626829944550991,-90.02249908447266,0.00046523401397280395
428,396.3290100097656,264.052001953125,-0.003818080062046647,-90.02249908447266,0.000489261990878731
429,396.3280029296875,263.65399169921875,0.0036336600314825773,-90.02249908447266,0.00044367299415171146
430,396.3280029296875,263.2659912109375,-0.003818080062046647,-90.02239990234375,0.00043153599835932255
431,396.3280029296875,262.8680114746094,0.00364048988558352,-90.02249908447266,0.000429215986514464
432,396.3280029296875,262.4800109863281,-0.003818080062046647,-90.02239990234375,0.00045253601274453104
433,396.3280029296875,262.0820007324219,0.00364048988558352,-90.02249908447266,0.0004800999886356294
434,396.3280029296875,261.6940002441406,-0.003818080062046647,-90.02249908447266,0.0004466949903871864
435,396.3269958496094,261.2959899902344,0.003647319972515106,-90.02249908447266,0.0004434979928191751
436,396.3269958496094,260.9079895019531,-0.003818080062046647,-90.02239990234375,0.0004512919986154884
437,396.3269958496094,260.5090026855469,0.0036541500594466925,-90.02249908447266,0.0004700070130638778
438,396.3269958496094,260.12200927734375,-0.003818080062046647,-90.02249908447266,0.0004960959777235985
439,396.3269958496094,259.7229919433594,0.0036541500594466925,-90.02249908447266,0.0004552080063149333
440,396.3269958496094,259.33599853515625,-0.003783920081332326,-90.02249908447266,0.00044247499317862093
441,396.32598876953125,258.93701171875,0.0036541500594466925,-90.02249908447266,0.0004431309935171157
442,396.32598876953125,258.5429992675781,-0.003879549913108349,-90.02249908447266,0.00046775699593126774
443,396.32598876953125,258.13800048828125,0.00351072009652853,-90.02249908447266,0.0004957959754392505
444,396.32598876953125,257.7430114746094,-0.003845399944111705,-90.02249908447266,0.0005337659968063235
445,396.32598876953125,257.3380126953125,0.003524380037561059,-90.02249908447266,0.0004849219985771924
446,396.32598876953125,256.9429931640625,-0.003818080062046647,-90.02249908447266,0.0004681290010921657
447,396.32598876953125,256.5379943847656,0.003544870065525174,-90.02249908447266,0.0004739220021292567
448,396.32501220703125,256.14300537109375,-0.003783920081332326,-90.02249908447266,0.0004961820086464286
449,396.32501220703125,255.73800659179688,0.003558530006557703,-90.02249908447266,0.00045501001295633614
450,396.32501220703125,255.34300231933594,-0.003783920081332326,-90.02249908447266,0.0004389690002426505
451,396.32501220703125,254.93800354003906,0.003572189947590232,-90.02249908447266,0.0004387049993965775
452,396.32501220703125,254.54299926757812,-0.003783920081332326,-90.02239990234375,0.0004558640066534281
453,396.32501220703125,254.13800048828125,0.003579020034521818,-90.02249908447266,0.0004892550059594214
454,396.32501220703125,253.7429962158203,-0.003783920081332326,-90.02249908447266,0.0005313950241543353
455,396.3240051269531,253.33799743652344,0.0035858498886227608,-90.02249908447266,0.0004790090024471283
456,396.3240051269531,252.9429931640625,-0.0037565999664366245,-90.02249908447266,0.00046532999840565026
457,396.3240051269531,252.53799438476562,0.003592679975554347,-90.02249908447266,0.00047318701399490237
458,396.3240051269531,252.14300537109375,-0.0037565999664366245,-90.02239990234375,0.0004969349829480052
459,396.3240051269531,251.73800659179688,0.0035995100624859333,-90.02239990234375,0.0004538609937299043
460,396.322998046875,251.343994140625,-0.0037565999664366245,-90.02239990234375,0.0004409730026964098
461,396.322998046875,250.93800354003906,0.0035995100624859333,-90.02239990234375,0.000442441989434883
462,396.322998046875,250.53900146484375,-0.003783920081332326,-90.02239990234375,0.00046232700697146356
463,396.322998046875,250.1300048828125,0.00351072009652853,-90.02249908447266,0.0004908540286123753
464,396.322998046875,249.7310028076172,-0.003783920081332326,-90.02249908447266,0.0005348810227587819
465,396.322998046875,249.32200622558594,0.003524380037561059,-90.02249908447266,0.00048155500553548336
466,396.322998046875,248.92300415039062,-0.0037565999664366245,-90.02239990234375,0.00046995398588478565
467,396.3219909667969,248.51300048828125,0.003538039978593588,-90.02249908447266,0.00047483399976044893
468,396.3219909667969,248.11500549316406,-0.0037565999664366245,-90.02239990234375,0.0004978480283170938
469,396.3219909667969,247.7050018310547,0.003544870065525174,-90.02239990234375,0.0004629420000128448
470,396.3219909667969,247.30599975585938,-0.0037224499974399805,-90.02239990234375,0.0004597349907271564
471,396.3219909667969,246.89700317382812,0.003558530006557703,-90.02239990234375,0.0004684769955929369
472,396.3219909667969,246.4980010986328,-0.0037224499974399805,-90.02239990234375,0.0004937609774060547
473,396.3210144042969,246.08799743652344,0.0035653600934892893,-90.02249908447266,0.0005146380281075835
474,396.3210144042969,245.69000244140625,-0.0037224499974399805,-90.02239990234375,0.0004765409976243973
475,396.3210144042969,245.27999877929688,0.0035653600934892893,-90.02239990234375,0.00046571801067329943
476,396.3210144042969,244.88099670410156,-0.0037224499974399805,-90.02239990234375,0.00047429901314899325
477,396.3210144042969,244.4720001220703,0.003572189947590232,-90.02239990234375,0.0004918940248899162
478,396.3210144042969,244.072998046875,-0.0037224499974399805,-90.02239990234375,0.0005158769781701267
479,396.3210144042969,243.66400146484375,0.003572189947590232,-90.02169799804688,0.00048713700380176306
480,396.32000732421875,243.26499938964844,-0.0037224499974399805,-90.02100372314453,0.000483920011902228
481,396.32000732421875,242.85499572753906,0.003579020034521818,-90.02020263671875,0.0004830299876630306
482,396.32000732421875,242.43299865722656,-0.00400249008089304,-90.01920318603516,0.0004858819884248078
483,396.32000732421875,242.0,0.0030326000414788723,-90.01820373535156,0.00048095700913108885
484,396.32000732421875,241.5780029296875,-0.003845399944111705,-90.0177993774414,0.00046925898641347885
485,396.32000732421875,241.14500427246094,0.0031009099911898375,-90.01730346679688,0.00045717699686065316
486,396.32000732421875,240.7220001220703,-0.003783920081332326,-90.01679992675781,0.00044030899880453944
487,396.32000732421875,240.28900146484375,0.003162380075082183,-90.01619720458984,0.00042343500535935163
488,396.32000732421875,239.86700439453125,-0.0037224499974399805,-90.0156021118164,0.0003878290008287877
489,396.32000732421875,239.4340057373047,0.0032101899851113558,-90.01529693603516,0.0003634750028140843
490,396.32000732421875,239.01100158691406,-0.0036951301153749228,-90.01499938964844,0.00034363201120868325
491,396.3190002441406,238.5780029296875,0.003251170041039586,-90.01470184326172,0.0003071580140385777
492,396.3190002441406,238.156005859375,-0.0036336600314825773,-90.01439666748047,0.00029783800709992647
493,396.3190002441406,237.72300720214844,0.00328532001003623,-90.01399993896484,0.0002585150068625808
494,396.3190002441406,237.3000030517578,-0.0035995100624859333,-90.01380157470703,0.00024441099958494306
495,396.3190002441406,236.86700439453125,0.0033058100380003452,-90.01370239257812,0.0002108390035573393
496,396.3190002441406,236.44500732421875,-0.0035995100624859333,-90.01349639892578,0.00020403000235091895
497,396.3190002441406,236.01199340820312,0.0033263000659644604,-90.01329803466797,0.0001704720052657649
498,396.3190002441406,235.58900451660156,-0.003572189947590232,-90.01319885253906,0.0001494089956395328
499,396.3190002441406,235.156005859375,0.0033467900939285755,-90.01309967041016,0.0001098060020012781
500,396.3190002441406,234.73300170898438,-0.003572189947590232,-90.01300048828125,0.00010177199874306098
501,396.3190002441406,234.3000030517578,0.003353619948029518,-90.01290130615234,6.829050107626244e-05
502,396.3190002441406,233.86300659179688,-0.0037224499974399805,-90.01280212402344,6.332040356937796e-05
503,396.3179931640625,233.4149932861328,0.002991619985550642,-90.01270294189453,3.511460090521723e-05
504,396.3179931640625,232.9770050048828,-0.0036336600314825773,-90.01260375976562,3.6248300602892414e-05
505,396.3179931640625,232.5290069580078,0.0030530900694429874,-90.01260375976562,9.7475303846295e-06
506,396.3179931640625,232.09100341796875,-0.003572189947590232,-90.01249694824219,1.4130599993222859e-05
507,396.3179931640625,231.64300537109375,0.003094079904258251,-90.01249694824219,0.0
508,396.3179931640625,231.2050018310547,-0.003544870065525174,-90.01239776611328,8.414550393354148e-06
509,396.3179931640625,230.7570037841797,0.003128230106085539,-90.01239776611328,0.0
510,396.3179931640625,230.31900024414062,-0.00351072009652853,-90.01229858398438,-2.0844100057093584e-10
511,396.3179931640625,229.87100219726562,0.003162380075082183,-90.01229858398438,-6.103519990574569e-05
512,396.3179931640625,229.43299865722656,-0.0034833999816328287,-90.01229858398438,-6.103519990574569e-05
513,396.3169860839844,228.98399353027344,0.0031896999571472406,-90.01229858398438,-6.103530176915228e-05
514,396.3169860839844,228.54600524902344,-0.0034492500126361847,-90.01229858398438,-6.103519990574569e-05
515,396.3169860839844,228.09800720214844,0.0032101899851113558,-90.01219940185547,-9.155269799521193e-05
516,396.3169860839844,227.66000366210938,-0.0034492500126361847,-90.01219940185547,-6.1035101680317894e-05
517,396.3169860839844,227.21200561523438,0.0032238499261438847,-90.01219940185547,-9.155260340776294e-05
518,396.3169860839844,226.7740020751953,-0.0034150900319218636,-90.01219940185547,-6.1034999816911295e-05
519,396.3169860839844,226.3260040283203,0.003237510100007057,-90.01219940185547,-9.155279985861853e-05
520,396.3169860839844,225.88800048828125,-0.0034150900319218636,-90.01219940185547,-6.1034999816911295e-05
521,396.3169860839844,225.44000244140625,0.003244339954108,-90.01219940185547,-9.155279985861853e-05
522,396.3169860839844,224.9720001220703,-0.003783920081332326,-90.01219940185547,-6.103519990574569e-05
523,396.3160095214844,224.49400329589844,0.0024657000321894884,-90.01219940185547,-9.155260340776294e-05
524,396.3160095214844,224.02499389648438,-0.0035995100624859333,-90.01219940185547,-9.155279985861853e-05
525,396.3160095214844,223.5469970703125,0.0025681499391794205,-90.01219940185547,-9.155269799521193e-05
526,396.3160095214844,223.0780029296875,-0.00351072009652853,-90.01219940185547,-6.1034999816911295e-05
527,396.3160095214844,222.60000610351562,0.0026569399051368237,-90.01219940185547,-9.155269799521193e-05
528,396.3160095214844,222.13099670410156,-0.0034492500126361847,-90.01219940185547,-6.1035101680317894e-05
529,396.3160095214844,221.65199279785156,0.0027252500876784325,-90.01219940185547,-9.155269799521193e-05
530,396.3160095214844,221.18299865722656,-0.003353619948029518,-90.01219940185547,-9.155269799521193e-05
531,396.3160095214844,220.7050018310547,0.0027798900846391916,-90.01219940185547,-6.1034999816911295e-05
532,396.3160095214844,220.23599243164062,-0.0033263000659644604,-90.01219940185547,-6.1034999816911295e-05
533,396.31500244140625,219.75799560546875,0.002834530081599951,-90.01219940185547,-6.1035101680317894e-05
534,396.31500244140625,219.28900146484375,-0.003264829982072115,-90.01219940185547,-3.051770181627944e-05
535,396.31500244140625,218.81100463867188,0.002868680050596595,-90.01219940185547,-3.051770181627944e-05
536,396.31500244140625,218.3419952392578,-0.003237510100007057,-90.01219940185547,-3.051770181627944e-05
537,396.31500244140625,217.86399841308594,0.0028959999326616526,-90.01219940185547,-3.051759995287284e-05
538,396.31500244140625,217.39500427246094,-0.0032033598981797695,-90.01219940185547,-3.051770181627944e-05
539,396.31500244140625,216.91600036621094,0.002923320047557354,-90.01219940185547,-3.051759995287284e-05
540,396.31500244140625,216.44700622558594,-0.0032033598981797695,-90.01219940185547,-3.051770181627944e-05
541,396.31500244140625,215.968994140625,0.002936979988589883,-90.01219940185547,-3.051770181627944e-05
542,396.3139953613281,215.46600341796875,-0.003660979913547635,-90.01219940185547,-3.051780004170723e-05
543,396.3139953613281,214.95399475097656,0.0019875799771398306,-90.01219940185547,-1.0422000068510684e-10
544,396.3139953613281,214.4499969482422,-0.0034150900319218636,-90.01219940185547,1.5149300452321768e-05
545,396.3139953613281,213.93699645996094,0.002117360010743141,-90.01219940185547,1.105110004573362e-05
546,396.3139953613281,213.43299865722656,-0.003298979951068759,-90.01219940185547,2.40637000388233e-05
547,396.3139953613281,212.92100524902344,0.0022266400046646595,-90.01219940185547,1.3705300261790399e-05
548,396.3139953613281,212.41600036621094,-0.0032033598981797695,-90.01219940185547,3.209089845768176e-05
549,396.3139953613281,211.9040069580078,0.0023154299706220627,-90.01219940185547,1.5648900443920866e-05
550,396.3139953613281,211.39999389648438,-0.0031418900471180677,-90.01219940185547,2.4412700440734625e-05
551,396.31298828125,210.88699340820312,0.002383739920333028,-90.01219940185547,1.4318799912871327e-05
552,396.31298828125,210.38299560546875,-0.0030530900694429874,-90.01219940185547,3.175950041622855e-05
553,396.31298828125,209.87100219726562,0.002438379917293787,-90.01219940185547,9.848309673543554e-06
554,396.31298828125,209.36700439453125,-0.003025769954547286,-90.01219940185547,1.9103999875369482e-05
555,396.31298828125,208.85400390625,0.0024861900601536036,-90.01219940185547,1.6710000636521727e-05
556,396.31298828125,208.35000610351562,-0.002991619985550642,-90.01219940185547,4.462959986994974e-05
557,396.31298828125,207.83799743652344,0.0025203400291502476,-90.01219940185547,3.993189966422506e-05
558,396.31298828125,207.33299255371094,-0.0029643001034855843,-90.01219940185547,2.947810025943909e-05
559,396.31298828125,206.8209991455078,0.0025476599112153053,-90.01219940185547,4.459109914023429e-05
560,396.31201171875,206.31700134277344,-0.0029301499016582966,-90.01210021972656,3.2361098419642076e-05
561,396.31201171875,205.8040008544922,0.0025749800261110067,-90.01210021972656,5.4090000048745424e-05
562,396.31201171875,205.26600646972656,-0.003387769917026162,-90.01210021972656,3.1320800189860165e-05
563,396.31201171875,204.718994140625,0.0015709400177001953,-90.01210021972656,4.150019958615303e-05
564,396.31201171875,204.17999267578125,-0.0031760400161147118,-90.01210021972656,7.117730274330825e-05
565,396.31201171875,203.63299560546875,0.001700720051303506,-90.01210021972656,5.9787500504171476e-05
566,396.31201171875,203.093994140625,-0.003025769954547286,-90.01210021972656,7.305559847736731e-05
567,396.31201171875,202.5469970703125,0.0018168300157412887,-90.01210021972656,7.867479871492833e-05
568,396.31201171875,202.00799560546875,-0.0029301499016582966,-90.01210021972656,9.31762988329865e-05
569,396.31201171875,201.46099853515625,0.0019056199816986918,-90.01210021972656,6.831430073361844e-05
570,396.3110046386719,200.9219970703125,-0.002868680050596595,-90.01210021972656,6.910329830134287e-05
571,396.3110046386719,200.375,0.0019739200361073017,-90.01210021972656,9.290230082115158e-05
572,396.3110046386719,199.83599853515625,-0.0028072099667042494,-90.01210021972656,8.224310295190662e-05
573,396.3110046386719,199.28900146484375,0.0020353998988866806,-90.01210021972656,8.681409963173792e-05
574,396.3110046386719,198.75,-0.0027457401156425476,-90.01210021972656,0.00010629300231812522
575,396.3110046386719,198.2030029296875,0.002083210041746497,-90.01210021972656,9.42764017963782e-05
576,396.3110046386719,197.66400146484375,-0.002718420000746846,-90.01210021972656,0.00013397699513006955
577,396.3110046386719,197.11700439453125,0.002117360010743141,-90.01210021972656,0.00010642399865901098
578,396.30999755859375,196.5780029296875,-0.002684260020032525,-90.01210021972656,0.00011218099825782701
579,396.30999755859375,196.031005859375,0.002144679892808199,-90.01210021972656,0.00011371500295354053
580,396.30999755859375,195.49200439453125,-0.0026569399051368237,-90.01210021972656,0.00013244700676295906
581,396.30999755859375,194.94500732421875,0.0021720000077039003,-90.01210021972656,9.478680294705555e-05
582,396.30999755859375,194.37600708007812,-0.0030872500501573086,-90.01210021972656,9.11446986719966e-05
583,396.30999755859375,193.7989959716797,0.0012635800521820784,-90.01210021972656,0.00011055699724238366
584,396.30999755859375,193.22900390625,-0.002868680050596595,-90.01210021972656,9.527280053589493e-05
585,396.30999755859375,192.65199279785156,0.0013728700578212738,-90.01210021972656,0.00010792700049933046
586,396.30999755859375,192.08200073242188,-0.0027457401156425476,-90.01210021972656,0.0001250689965672791
587,396.3089904785156,191.5050048828125,0.0014753199648112059,-90.01210021972656,0.00012581200280692428
588,396.3089904785156,190.93499755859375,-0.0026569399051368237,-90.01210021972656,0.00011322500358801335
589,396.3089904785156,190.35800170898438,0.0015504499897360802,-90.01210021972656,0.00013481799396686256
590,396.3089904785156,189.78700256347656,-0.0025886399671435356,-90.01210021972656,0.00013197699445299804
591,396.3089904785156,189.21099853515625,0.00161875004414469,-90.01210021972656,0.0001297739945584908
592,396.3089904785156,188.63999938964844,-0.0025339999701827765,-90.01210021972656,0.00015710499428678304
593,396.3089904785156,188.06399536132812,0.00166656996589154,-90.01210021972656,0.00015172500570770353
594,396.3089904785156,187.4929962158203,-0.002472529886290431,-90.01210021972656,0.00016456900630146265
595,396.3080139160156,186.91700744628906,0.0017075500218197703,-90.01210021972656,0.00012312699982430786
596,396.3080139160156,186.3459930419922,-0.0024452100042253733,-90.01210021972656,0.00011530800111358985
597,396.3080139160156,185.77000427246094,0.0017416999908164144,-90.01210021972656,0.00013915100134909153
598,396.3080139160156,185.19900512695312,-0.0024110600352287292,-90.01210021972656,0.00010569999722065404
599,396.3080139160156,184.6219940185547,0.001769019989296794,-90.01210021972656,0.00010413300333311781
600,396.3080139160156,184.052001953125,-0.002383739920333028,-90.01210021972656,0.00012223700468894094
601,396.3080139160156,183.47500610351562,0.001789510017260909,-90.01210021972656,0.0001233569928444922
602,396.3080139160156,182.88900756835938,-0.0026227899361401796,-90.01210021972656,0.0001157060032710433
603,396.3070068359375,182.2949981689453,0.0012909099459648132,-90.01210021972656,0.00013626000145450234
604,396.3070068359375,181.70799255371094,-0.0025066800881177187,-90.01210021972656,0.0001525230036349967
605,396.3070068359375,181.11500549316406,0.001359210000373423,-90.01210021972656,0.00012189499830128625
606,396.3070068359375,180.5279998779297,-0.0024110600352287292,-90.01210021972656,0.00011979100236203521
607,396.3070068359375,179.93499755859375,0.0014138499973341823,-90.01210021972656,0.00015436499961651862
608,396.3070068359375,179.3470001220703,-0.002383739920333028,-90.01210021972656,0.00012926799536217004
609,396.3070068359375,178.75399780273438,0.001461660023778677,-90.01210021972656,0.00013520799984689802
610,396.3070068359375,178.16700744628906,-0.002322260057553649,-90.01210021972656,0.0001711270015221089
611,396.3059997558594,177.57400512695312,0.0015026399632915854,-90.01210021972656,0.00016923400107771158
612,396.3059997558594,176.98599243164062,-0.002288110088557005,-90.01210021972656,0.00014522300625685602
613,396.3059997558594,176.39300537109375,0.001529959961771965,-90.01210021972656,0.00016080000204965472
614,396.3059997558594,175.80599975585938,-0.002288110088557005,-90.01210021972656,0.00017551200289744884
615,396.3059997558594,175.21299743652344,0.0015504499897360802,-90.01210021972656,0.0001418530009686947
616,396.3059997558594,174.62600708007812,-0.0022607899736613035,-90.01210021972656,0.0001368060038657859
617,396.3059997558594,174.03199768066406,0.0015709400177001953,-90.01210021972656,0.000151293003000319
618,396.3059997558594,173.44500732421875,-0.0022266400046646595,-90.01210021972656,0.0001768280053511262
619,396.30499267578125,172.8520050048828,0.0015914300456643105,-90.01210021972656,0.00013604199921246618
620,396.30499267578125,172.26499938964844,-0.0022266400046646595,-90.01210021972656,0.0001374220009893179
621,396.30499267578125,171.6719970703125,0.001598260016180575,-90.01210021972656,0.00016583199612796307
622,396.30499267578125,171.072998046875,-0.002383739920333028,-90.01210021972656,0.00012853799853473902
623,396.30499267578125,170.468994140625,0.00127042003441602,-90.01210021972656,0.00012844899902120233
624,396.30499267578125,169.87100219726562,-0.002288110088557005,-90.01210021972656,0.00015784200513735414
625,396.30499267578125,169.26699829101562,-0.001803169958293438,-90.01210021972656,0.00013528999988920987
626,396.3039855957031,168.66799926757812,-0.00476064020767808,-90.01210021972656,0.00013347899948712438
627,396.3039855957031,168.06399536132812,-0.0009493959951214492,-90.01210021972656,0.00015865699970163405
628,396.3039855957031,167.46499633789062,-0.004241549875587225,-90.01210021972656,0.00015504300245083869
629,396.3039855957031,166.86099243164062,-0.0004576230130624026,-90.01210021972656,0.00015824599540792406
630,396.3039855957031,166.26300048828125,-0.003818080062046647,-90.01210021972656,0.00019361000158824027
631,396.3039855957031,165.65899658203125,-6.147169915493578e-05,-90.01210021972656,0.00019795200205408037
632,396.3039855957031,165.05999755859375,-0.0034833999816328287,-90.01210021972656,0.0001797419972717762
633,396.3039855957031,164.45599365234375,0.00023222599702421576,-90.01210021972656,0.0001901380019262433
634,396.3039855957031,163.85800170898438,-0.0032033598981797695,-90.01210021972656,0.00020296199363656342
635,396.3030090332031,163.25399780273438,0.0004849430115427822,-90.01210021972656,0.0001666979951551184
636,396.3030090332031,162.65499877929688,-0.002991619985550642,-90.01210021972656,0.0001597319933352992
637,396.3030090332031,162.05099487304688,0.0006830189959146082,-90.01210021972656,0.0001809899986255914
638,396.3030090332031,161.45199584960938,-0.0028072099667042494,-90.01210021972656,0.00017248399672098458
639,396.3030090332031,160.84800720214844,0.0008401129744015634,-90.01210021972656,0.00016630400205031037
640,396.3030090332031,160.25,-0.0026569399051368237,-90.01210021972656,0.00019532900478225201
641,396.3030090332031,159.64599609375,0.0009698870126157999,-90.01210021972656,0.00018440900021232665
642,396.302001953125,159.03900146484375,-0.002684260020032525,-90.01210021972656,0.0001772499963408336
643,396.302001953125,158.427001953125,-0.002165169920772314,-90.01210021972656,0.00019508200057316571
644,396.302001953125,157.82000732421875,-0.004945059772580862,-90.01210021972656,0.00019559300562832505
645,396.302001953125,157.20700073242188,-0.0012840799754485488,-90.01210021972656,0.00018505100160837173
646,396.302001953125,156.60000610351562,-0.004364490043371916,-90.01210021972656,0.00020010399748571217
647,396.302001953125,155.98800659179688,-0.0007308300118893385,-90.01210021972656,0.00020908900478389114
648,396.302001953125,155.38099670410156,-0.003906869795173407,-90.01210021972656,0.00020813300216104835
649,396.302001953125,154.7689971923828,-0.00033467900357209146,-90.01210021972656,0.00018693400488700718
650,396.3009948730469,154.16200256347656,-0.003544870065525174,-90.01210021972656,0.0001921179937198758
651,396.3009948730469,153.5489959716797,6.830190159234917e-06,-90.01210021972656,0.0002338759950362146
652,396.3009948730469,152.94200134277344,-0.003237510100007057,-90.01210021972656,0.0001937140041263774
653,396.3009948730469,152.3300018310547,0.0002800379879772663,-90.01210021972656,0.0001918479974847287
654,396.3009948730469,151.72300720214844,-0.002991619985550642,-90.01210021972656,0.000217652996070683
655,396.3009948730469,151.11099243164062,0.0004917740006931126,-90.01210021972656,0.00017576999380253255
656,396.3009948730469,150.50399780273438,-0.0028072099667042494,-90.01210021972656,0.00017770100384950638
657,396.3009948730469,149.89100646972656,0.0006693589966744184,-90.01210021972656,0.00020205600594636053
658,396.29998779296875,149.28399658203125,-0.0026569399051368237,-90.01210021972656,0.00017077100346796215
659,396.29998779296875,148.6719970703125,0.0008059620158746839,-90.01210021972656,0.00017787900287657976
660,396.29998779296875,148.06500244140625,-0.0025339999701827765,-90.01210021972656,0.0002067379973595962
661,396.29998779296875,147.4530029296875,0.0009152449783869088,-90.01210021972656,0.0001959570072358474
662,396.29998779296875,146.83900451660156,-0.0025339999701827765,-90.01210021972656,0.00019587700080592185
663,396.29998779296875,146.22000122070312,0.0007991319871507585,-90.01210021972656,0.00022142399393487722
664,396.29998779296875,145.6060028076172,-0.002383739920333028,-90.01210021972656,0.00022033799905329943
665,396.29901123046875,144.98699951171875,0.0008879249799065292,-90.01210021972656,0.00020396900072228163
666,396.29901123046875,144.3730010986328,-0.002288110088557005,-90.01210021972656,0.0002227990044048056
667,396.29901123046875,143.75399780273438,0.0009630569838918746,-90.01210021972656,0.00022029600222595036
668,396.29901123046875,143.13900756835938,-0.0022266400046646595,-90.01210021972656,0.00020196700643282384
669,396.29901123046875,142.52000427246094,0.0010245300363749266,-90.01210021972656,0.00021386999287642539
670,396.29901123046875,141.906005859375,-0.002199319889768958,-90.01210021972656,0.00022926800011191517
671,396.29901123046875,141.28700256347656,0.0010723399464040995,-90.01210021972656,0.00019621099636424333
672,396.29901123046875,140.67300415039062,-0.0021378500387072563,-90.01210021972656,0.00020016600319650024
673,396.29901123046875,140.0540008544922,0.0011133200023323298,-90.01210021972656,0.00022477000311482698
674,396.2980041503906,139.44000244140625,-0.002110529923811555,-90.01210021972656,0.00021147499501239508
675,396.2980041503906,138.8209991455078,0.0011406400008127093,-90.01210021972656,0.0002084339939756319
676,396.2980041503906,138.20700073242188,-0.002076379954814911,-90.01210021972656,0.00022949700360186398
677,396.2980041503906,137.58799743652344,0.001167959999293089,-90.01210021972656,0.0002105610037688166
678,396.2980041503906,136.9739990234375,-0.002049060072749853,-90.01210021972656,0.00020127500465605408
679,396.2980041503906,136.35400390625,0.001188450027257204,-90.01210021972656,0.0002245399955427274
680,396.2980041503906,135.74000549316406,-0.002049060072749853,-90.01210021972656,0.0002157220005756244
681,396.2969970703125,135.12100219726562,0.001202109968289733,-90.01210021972656,0.00020248600048944354
682,396.2969970703125,134.50599670410156,-0.002049060072749853,-90.01210021972656,0.00021833799837622792
683,396.2969970703125,133.88499450683594,0.0011747899698093534,-90.01210021972656,0.00021952200040686876
684,396.2969970703125,133.27000427246094,-0.002014910103753209,-90.01210021972656,0.00020708999363705516
685,396.2969970703125,132.6490020751953,0.001188450027257204,-90.01210021972656,0.00022276199888437986
686,396.2969970703125,132.03399658203125,-0.002014910103753209,-90.01210021972656,0.00023208999482449144
687,396.2969970703125,131.41400146484375,0.001202109968289733,-90.01210021972656,0.0002486910088919103
688,396.2969970703125,130.79800415039062,-0.0019875799771398306,-90.01210021972656,0.00020283099729567766
689,396.2959899902344,130.17799377441406,0.0012089400552213192,-90.01210021972656,0.00019457600137684494
690,396.2959899902344,129.56199645996094,-0.0019875799771398306,-90.01210021972656,0.00022436499421019107
691,396.2959899902344,128.94200134277344,0.0012157700257375836,-90.01210021972656,0.00018305399862583727
692,396.2959899902344,128.3260040283203,-0.0019875799771398306,-90.01210021972656,0.0001760580053087324
693,396.2959899902344,127.70600128173828,0.001222599996253848,-90.01210021972656,0.00019352800154592842
694,396.2959899902344,127.08999633789062,-0.0019875799771398306,-90.01210021972656,0.00017616100376471877
695,396.2959899902344,126.47000122070312,0.0012294299667701125,-90.01210021972656,0.00019803400209639221
696,396.2959899902344,125.85399627685547,-0.0019875799771398306,-90.01210021972656,0.00020129099721089005
697,396.2950134277344,125.23400115966797,0.0012294299667701125,-90.01210021972656,0.00018337799701839685
698,396.2950134277344,124.61799621582031,-0.0019534300081431866,-90.01210021972656,0.0001911870058393106
699,396.2950134277344,123.99800109863281,0.0012362600537016988,-90.01210021972656,0.00022671899932902306
700,396.2950134277344,123.38200378417969,-0.0019534300081431866,-90.01210021972656,0.00022114200692158192
701,396.2950134277344,122.76200103759766,0.0012362600537016988,-90.01210021972656,0.00020229999790899456
702,396.2950134277344,122.1500015258789,-0.001891960040666163,-90.01210021972656,0.00021657599427271634
703,396.2950134277344,121.53399658203125,0.001359210000373423,-90.01210021972656,0.0002265499933855608
704,396.29400634765625,120.9229965209961,-0.0019534300081431866,-90.01210021972656,0.00020175099780317396
705,396.29400634765625,120.30699920654297,0.0013523800298571587,-90.01210021972656,0.0002126239996869117
706,396.29400634765625,119.69499969482422,-0.0019534300081431866,-90.01210021972656,0.00022002799960318953
707,396.29400634765625,119.0790023803711,0.0013455499429255724,-90.01210021972656,0.00019408100342843682
708,396.29400634765625,118.46800231933594,-0.0019534300081431866,-90.01210021972656,0.0001956750056706369
709,396.29400634765625,117.85099792480469,0.001338719972409308,-90.01210021972656,0.0002358269994147122
710,396.29400634765625,117.23999786376953,-0.0019534300081431866,-90.01210021972656,0.00019870500545948744
711,396.2929992675781,116.6240005493164,0.0013318900018930435,-90.01210021972656,0.00020224899344611913
712,396.2929992675781,116.01200103759766,-0.0019534300081431866,-90.01210021972656,0.00023609100026078522
713,396.2929992675781,115.39600372314453,0.001325060031376779,-90.01210021972656,0.00022745400201529264
714,396.2929992675781,114.78500366210938,-0.0019534300081431866,-90.01210021972656,0.0001967510033864528
715,396.2929992675781,114.16799926757812,0.001325060031376779,-90.01210021972656,0.00020732800476253033
716,396.2929992675781,113.55699920654297,-0.0019875799771398306,-90.01210021972656,0.00023255600535776466
717,396.2929992675781,112.94100189208984,0.0013182299444451928,-90.01210021972656,0.00018821400590240955
718,396.2929992675781,112.3290023803711,-0.0019875799771398306,-90.01210021972656,0.00018085799820255488
719,396.2929992675781,111.71299743652344,0.0013182299444451928,-90.01210021972656,0.000209135003387928
720,396.2919921875,111.10199737548828,-0.0019875799771398306,-90.01210021972656,0.00017059700621757656
721,396.2919921875,110.48500061035156,0.0013182299444451928,-90.01210021972656,0.00016425299691036344
722,396.2919921875,109.8949966430664,-0.00161875004414469,-90.01210021972656,0.000193626998225227
723,396.2919921875,109.29900360107422,0.001926110009662807,-90.01210021972656,0.00016096800391096622
724,396.2919921875,108.70899963378906,-0.0018578099552541971,-90.01210021972656,0.00015944500046316534
725,396.2919921875,108.11299896240234,0.0018782999832183123,-90.01210021972656,0.00018383499991614372
726,396.2919921875,107.52300262451172,-0.001891960040666163,-90.01210021972656,0.00016721700376365334
727,396.2909851074219,106.927001953125,0.001823659986257553,-90.01210021972656,0.00016690899792592973
728,396.2909851074219,106.33699798583984,-0.0019534300081431866,-90.01210021972656,0.00018919700232800096
729,396.2909851074219,105.74099731445312,0.0017758499598130584,-90.01210021972656,0.00017378600023221225
730,396.2909851074219,105.1510009765625,-0.0019875799771398306,-90.01210021972656,0.00017325799854006618
731,396.2909851074219,104.55500030517578,0.0017416999908164144,-90.01210021972656,0.00019194600463379174
732,396.2909851074219,103.96499633789062,-0.002014910103753209,-90.01210021972656,0.00018863199511542916
733,396.2909851074219,103.36900329589844,0.0017143799923360348,-90.01210021972656,0.00020222000603098422
734,396.2909851074219,102.77899932861328,-0.002049060072749853,-90.01210021972656,0.00016470100672449917
735,396.2900085449219,102.18299865722656,0.0016938899643719196,-90.01210021972656,0.00016767099441494793
736,396.2900085449219,101.59300231933594,-0.002076379954814911,-90.01210021972656,0.00019958200573455542
737,396.2900085449219,100.99700164794922,0.0016802300233393908,-90.01210021972656,0.0001591379987075925
738,396.2900085449219,100.40699768066406,-0.002076379954814911,-90.01210021972656,0.00016567700367886573
739,396.2900085449219,99.81099700927734,0.00166656996589154,-90.01210021972656,0.00019505299860611558
740,396.2900085449219,99.2208023071289,-0.002110529923811555,-90.01210021972656,0.0001605199940968305
741,396.2900085449219,98.625,0.0016529100248590112,-90.01210021972656,0.00015862900181673467
742,396.2900085449219,98.07279968261719,-0.0014684899942949414,-90.01210021972656,0.00018773799820337445
743,396.2900085449219,97.5154037475586,0.0028276999946683645,-90.01210021972656,0.00018021100549958646
744,396.28900146484375,96.9646987915039,-0.001803169958293438,-90.01210021972656,0.00016664600116200745
745,396.28900146484375,96.40709686279297,0.00270475004799664,-90.01210021972656,0.00017360900528728962
746,396.28900146484375,95.85649871826172,-0.0019192800391465425,-90.01210021972656,0.00015605500084348023
747,396.28900146484375,95.29889678955078,0.0025886399671435356,-90.01210021972656,0.00014698099403176457
748,396.28900146484375,94.74819946289062,-0.002049060072749853,-90.01210021972656,0.00016713699733372778
749,396.28900146484375,94.1906967163086,0.002493019914254546,-90.01210021972656,0.000157942995429039
750,396.28900146484375,93.63999938964844,-0.002110529923811555,-90.01210021972656,0.00016587000573053956
751,396.28900146484375,93.0823974609375,0.002424719976261258,-90.01210021972656,0.0001266129984287545
752,396.2879943847656,92.53179931640625,-0.002199319889768958,-90.01210021972656,0.00011558800179045647
753,396.2879943847656,91.97419738769531,0.002370079979300499,-90.01210021972656,0.0001272329973289743
754,396.2879943847656,91.42350006103516,-0.0022266400046646595,-90.01210021972656,0.00010383000335423276
755,396.2879943847656,90.86599731445312,0.002322260057553649,-90.01210021972656,0.00011194100079592317
756,396.2879943847656,90.31529998779297,-0.002288110088557005,-90.01210021972656,0.00012904100003652275
757,396.2879943847656,89.75769805908203,0.0022812800016254187,-90.01210021972656,0.00011341999925207347
758,396.2879943847656,89.20709991455078,-0.002322260057553649,-90.00309753417969,0.00020414000027813017
759,396.2879943847656,88.64949798583984,0.0022539598867297173,-89.99340057373047,0.0001742979948176071
760,396.2879943847656,88.09880065917969,-0.0023495799396187067,-89.98269653320312,7.545400148956105e-05
761,396.2879943847656,87.54129791259766,0.0022266400046646595,-89.9708023071289,-6.1035101680317894e-05
762,396.2879943847656,87.02999877929688,-0.0017416999908164144,-89.96649932861328,0.00017671400564722717
763,396.28900146484375,86.51210021972656,0.0034492500126361847,-89.96179962158203,0.0002608179929666221
764,396.28900146484375,86.0022964477539,-0.002014910103753209,-89.95670318603516,0.00033621001057326794
765,396.28900146484375,85.4843978881836,0.0032921500969678164,-89.95429992675781,0.000470619008410722
766,396.2900085449219,84.97460174560547,-0.002165169920772314,-89.95169830322266,0.0005441050161607563
767,396.2909851074219,84.45670318603516,0.0031555499881505966,-89.9489974975586,0.0005916840163990855
768,396.2909851074219,83.9468994140625,-0.002288110088557005,-89.9458999633789,0.0006091960240155458
769,396.2919921875,83.42900085449219,0.003046259982511401,-89.94450378417969,0.0006349919713102281
770,396.2919921875,82.91919708251953,-0.002383739920333028,-89.94300079345703,0.0006487959763035178
771,396.2929992675781,82.40129852294922,0.002957470016553998,-89.94129943847656,0.0006546230288222432
772,396.2929992675781,81.8915023803711,-0.002472529886290431,-89.9395980834961,0.0006591369747184217
773,396.29400634765625,81.37359619140625,0.00288917007856071,-89.93879699707031,0.0006524209748022258
774,396.2950134277344,80.86380004882812,-0.0025339999701827765,-89.93789672851562,0.0006470989901572466
775,396.2950134277344,80.34590148925781,0.002834530081599951,-89.93699645996094,0.000647396023850888
776,396.2959899902344,79.83609771728516,-0.0025681499391794205,-89.93589782714844,0.0006645899848081172
777,396.2959899902344,79.31819915771484,0.0027867199387401342,-89.93550109863281,0.0006364649743773043
778,396.2969970703125,78.80840301513672,-0.0025886399671435356,-89.93499755859375,0.0006347200251184404
779,396.2980041503906,78.29049682617188,0.0027525699697434902,-89.93440246582031,0.0006333959754556417
780,396.2980041503906,77.78070068359375,-0.0026569399051368237,-89.93379974365234,0.000661698984913528
781,396.29901123046875,77.26280212402344,0.002718420000746846,-89.93360137939453,0.0006301969988271594
782,396.29901123046875,76.78569793701172,-0.002199319889768958,-89.93329620361328,0.0006312060286290944
783,396.29998779296875,76.30059814453125,0.0036678100004792213,-89.93309783935547,0.0006287670112214983
784,396.3009948730469,75.82460021972656,-0.0024110600352287292,-89.93280029296875,0.0006575920269824564
785,396.3009948730469,75.3395004272461,0.003524380037561059,-89.93260192871094,0.0006150910048745573
786,396.302001953125,74.8635025024414,-0.0025339999701827765,-89.93250274658203,0.0005995120154693723
787,396.302001953125,74.37850189208984,0.0034150900319218636,-89.93240356445312,0.0005951710045337677
788,396.3030090332031,73.90249633789062,-0.0026227899361401796,-89.93219757080078,0.0006097920122556388
789,396.3030090332031,73.41739654541016,0.003319469979032874,-89.93209838867188,0.0005660480237565935
790,396.3039855957031,72.94139862060547,-0.002718420000746846,-89.93199920654297,0.0005449270247481763
791,396.30499267578125,72.456298828125,0.003251170041039586,-89.93190002441406,0.0005327790277078748
792,396.30499267578125,71.98030090332031,-0.0027798900846391916,-89.93190002441406,0.0005391350132413208
793,396.3059997558594,71.49530029296875,0.0031896999571472406,-89.93180084228516,0.0004975509946234524
794,396.3059997558594,71.01930236816406,-0.0028413599357008934,-89.93170166015625,0.00047332499525509775
795,396.3070068359375,70.5342025756836,0.0031418900471180677,-89.93170166015625,0.0004547380085568875
796,396.3080139160156,70.05819702148438,-0.002868680050596595,-89.93160247802734,0.0004551149904727936
797,396.3080139160156,69.57319641113281,0.0031009099911898375,-89.93160247802734,0.0004194120119791478
798,396.3089904785156,69.09709930419922,-0.002902830019593239,-89.93160247802734,0.0004006930103059858
799,396.3089904785156,68.61209869384766,0.0030735800974071026,-89.93150329589844,0.0003840060089714825
800,396.30999755859375,68.13610076904297,-0.0029301499016582966,-89.93150329589844,0.0003785169974435121
801,396.30999755859375,67.6510009765625,0.003046259982511401,-89.931396484375,0.0003872549859806895
802,396.3110046386719,67.2063980102539,-0.0025339999701827765,-89.931396484375,0.00035322800977155566
803,396.31201171875,66.75279998779297,0.003886380000039935,-89.931396484375,0.00032611200003884733
804,396.31201171875,66.30919647216797,-0.0027457401156425476,-89.931396484375,0.0002927329915110022
805,396.31298828125,65.85569763183594,0.003763430053368211,-89.931396484375,0.0002553350059315562
806,396.31298828125,65.41200256347656,-0.002868680050596595,-89.931396484375,0.00021329600713215768
807,396.3139953613281,64.95850372314453,0.003660979913547635,-89.931396484375,0.0001740059960866347
808,396.31500244140625,64.51490020751953,-0.0029643001034855843,-89.931396484375,0.00012726600107271224
809,396.31500244140625,64.0613021850586,0.003579020034521818,-89.9312973022461,6.295269849942997e-05
810,396.3160095214844,63.617698669433594,-0.003025769954547286,-89.9312973022461,2.226770084234886e-05
811,396.3160095214844,63.16419982910156,0.00351072009652853,-89.9312973022461,-3.051770181627944e-05
812,396.3169860839844,62.72050094604492,-0.0030872500501573086,-89.9312973022461,-9.155279985861853e-05
813,396.3169860839844,62.266998291015625,0.003456080099567771,-89.9312973022461,-0.00015258800704032183
814,396.3179931640625,61.82339859008789,-0.0031418900471180677,-89.93119812011719,-0.00021362300321925431
815,396.3179931640625,61.36980056762695,0.0034150900319218636,-89.93119812011719,-0.00021362300321925431
816,396.3190002441406,60.92620086669922,-0.0031760400161147118,-89.93119812011719,-0.00021362300321925431
817,396.32000732421875,60.47269821166992,0.0033809400629252195,-89.93119812011719,-0.00024413999926764518
818,396.32000732421875,60.020999908447266,-0.003298979951068759,-89.93119812011719,-0.00024414100334979594
819,396.3210144042969,59.56740188598633,0.003278489923104644,-89.93119812011719,-0.0002746579993981868
820,396.3210144042969,59.12379837036133,-0.003298979951068759,-89.93119812011719,-0.0003356930101290345
821,396.3219909667969,58.6702995300293,0.003264829982072115,-89.93119812011719,-0.0003662109957076609
822,396.3219909667969,58.27159881591797,-0.002684260020032525,-89.93119812011719,-0.00039672901039011776
823,396.322998046875,57.863399505615234,0.004371319897472858,-89.93119812011719,-0.00042724600643850863
824,396.322998046875,57.46609878540039,-0.003025769954547286,-89.93119812011719,-0.0003967279917560518
825,396.322998046875,57.057899475097656,0.00422105984762311,-89.93119812011719,-0.0003662109957076609
826,396.3240051269531,56.66059875488281,-0.0031418900471180677,-89.93119812011719,-0.00030517601408064365
827,396.3240051269531,56.25239944458008,0.0040981099009513855,-89.93119812011719,-0.0002746579993981868
828,396.32501220703125,55.855098724365234,-0.003264829982072115,-89.93119812011719,-0.00024414100334979594
829,396.32501220703125,55.4468994140625,0.00400249008089304,-89.93119812011719,-0.00021362300321925431
830,396.32598876953125,55.049598693847656,-0.003353619948029518,-89.93119812011719,-0.00021362300321925431
831,396.32598876953125,54.641300201416016,0.003920529969036579,-89.93119812011719,-0.0001831050030887127
832,396.3269958496094,54.24409866333008,-0.0034150900319218636,-89.93119812011719,-0.00018310600717086345
833,396.3269958496094,53.83580017089844,0.0038590598851442337,-89.93119812011719,-0.00012206999963382259
834,396.3280029296875,53.4385986328125,-0.0034833999816328287,-89.93119812011719,-0.00015258800704032183
835,396.3280029296875,53.03030014038086,0.0038044198881834745,-89.93119812011719,-0.00012206999963382259
836,396.3290100097656,52.63309860229492,-0.00351072009652853,-89.93119812011719,-0.00012206999963382259
837,396.3290100097656,52.22480010986328,0.003763430053368211,-89.93119812011719,-9.155260340776294e-05
838,396.3299865722656,51.827598571777344,-0.003572189947590232,-89.93119812011719,-0.00012206999963382259
839,396.3299865722656,51.4193000793457,0.0037292800843715668,-89.93119812011719,-9.155279985861853e-05
840,396.33099365234375,51.022098541259766,-0.0035995100624859333,-89.93119812011719,-9.155279985861853e-05
841,396.33099365234375,50.613800048828125,0.0037019599694758654,-89.93119812011719,-9.155279985861853e-05
842,396.33099365234375,50.269798278808594,-0.0029301499016582966,-89.93119812011719,-9.155279985861853e-05
843,396.3320007324219,49.915199279785156,0.004815279971808195,-89.93119812011719,-9.155279985861853e-05
844,396.3320007324219,49.57270050048828,-0.003353619948029518,-89.93119812011719,-6.1035101680317894e-05
845,396.3330078125,49.21799850463867,0.004658190067857504,-89.93119812011719,-6.103519990574569e-05
846,396.3330078125,48.8754997253418,-0.00351072009652853,-89.93119812011719,-3.0517898267135024e-05
847,396.3330078125,48.52080154418945,0.004514750093221664,-89.93119812011719,-3.051780004170723e-05
848,396.3340148925781,48.17839813232422,-0.003660979913547635,-89.93119812011719,1.421999968442833e-05
849,396.3340148925781,47.82360076904297,0.004405470099300146,-89.93119812011719,1.919659916893579e-05
850,396.3349914550781,47.481201171875,-0.0037565999664366245,-89.93119812011719,4.167589941062033e-05
851,396.3349914550781,47.12649917602539,0.004309849813580513,-89.9312973022461,6.468420178862289e-05
852,396.3349914550781,46.784000396728516,-0.003845399944111705,-89.9312973022461,9.557449811836705e-05
853,396.33599853515625,46.429298400878906,0.004241549875587225,-89.9312973022461,0.00013177600339986384
854,396.33599853515625,46.08679962158203,-0.003906869795173407,-89.9312973022461,0.0001843049976741895
855,396.3370056152344,45.73210144042969,0.0041800797916948795,-89.9312973022461,0.0001854900037869811
856,396.3370056152344,45.38959884643555,-0.003941019997000694,-89.9312973022461,0.00020462200336623937
857,396.3370056152344,45.0349006652832,0.004132260102778673,-89.9312973022461,0.0002266990049974993
858,396.3380126953125,44.692501068115234,-0.00400249008089304,-89.9312973022461,0.0002621469902805984
859,396.3380126953125,44.337799072265625,0.0040981099009513855,-89.931396484375,0.0003056839923374355
860,396.3389892578125,43.99530029296875,-0.0040298099629580975,-89.931396484375,0.0003611090069171041
861,396.3389892578125,43.64059829711914,0.004070790018886328,-89.931396484375,0.0003588259860407561
862,396.3389892578125,43.33769989013672,-0.0035995100624859333,-89.931396484375,0.00037322199204936624
863,396.3399963378906,43.02299880981445,0.004767470061779022,-89.931396484375,0.0003856770053971559
864,396.3399963378906,42.72119903564453,-0.003941019997000694,-89.931396484375,0.00039907899918034673
865,396.34100341796875,42.40639877319336,0.004651360213756561,-89.931396484375,0.0004173179913777858
866,396.34100341796875,42.10459899902344,-0.0040298099629580975,-89.931396484375,0.0004533989995252341
867,396.34100341796875,41.789798736572266,0.004555739928036928,-89.931396484375,0.00042143199243582785
868,396.3420104980469,41.487998962402344,-0.004118599928915501,-89.931396484375,0.00040531199192628264
869,396.3420104980469,41.17319869995117,0.004473770037293434,-89.931396484375,0.0003915739944204688
870,396.3420104980469,40.87139892578125,-0.0041800797916948795,-89.931396484375,0.0003853070084005594
871,396.3429870605469,40.55659866333008,0.004412299953401089,-89.93150329589844,0.00038241699803620577
872,396.3429870605469,40.254798889160156,-0.004241549875587225,-89.931396484375,0.0003866709885187447
873,396.343994140625,39.93989944458008,0.004364490043371916,-89.931396484375,0.00035357498563826084
874,396.343994140625,39.63819885253906,-0.00430301995947957,-89.931396484375,0.0003311840118840337
875,396.343994140625,39.323299407958984,0.0043235099874436855,-89.931396484375,0.0003098559973295778
876,396.3450012207031,39.02159881591797,-0.004337170161306858,-89.931396484375,0.00030030100606381893
877,396.3450012207031,38.70669937133789,0.004289359785616398,-89.931396484375,0.0002868410083465278
878,396.34600830078125,38.40489959716797,-0.004364490043371916,-89.931396484375,0.0002775499888230115
879,396.34600830078125,38.0900993347168,0.00426203990355134,-89.931396484375,0.0002705309889279306
880,396.34600830078125,37.788299560546875,-0.004364490043371916,-89.931396484375,0.0002382709935773164
881,396.34698486328125,37.4734992980957,0.004241549875587225,-89.931396484375,0.00021772900072392076
882,396.34698486328125,37.18949890136719,-0.004214229993522167,-89.931396484375,0.00019561599765438586
883,396.3479919433594,36.892601013183594,0.0045079197734594345,-89.931396484375,0.00017087500600609928
884,396.3479919433594,36.609100341796875,-0.004364490043371916,-89.931396484375,0.00014215600094757974
885,396.3479919433594,36.31209945678711,0.004460109863430262,-89.931396484375,0.00011100299889221787
886,396.3489990234375,36.02859878540039,-0.004425960127264261,-89.931396484375,8.86506968527101e-05
887,396.3489990234375,35.73160171508789,0.004412299953401089,-89.931396484375,5.995070023345761e-05
888,396.3489990234375,35.44810104370117,-0.004460109863430262,-89.931396484375,2.857770050468389e-05
889,396.3500061035156,35.151100158691406,0.004378150217235088,-89.931396484375,0.0
890,396.3500061035156,34.86759948730469,-0.004487430211156607,-89.931396484375,-3.051780004170723e-05
891,396.35101318359375,34.57059860229492,0.004350829869508743,-89.9312973022461,-9.155260340776294e-05
892,396.35101318359375,34.28710174560547,-0.004521590191870928,-89.9312973022461,-0.00012206999963382259
893,396.35101318359375,33.9901008605957,0.004330339841544628,-89.9312973022461,-0.00015258800704032183
894,396.35198974609375,33.706600189208984,-0.004521590191870928,-89.9312973022461,-0.0001831050030887127
895,396.35198974609375,33.40959930419922,0.004309849813580513,-89.93119812011719,-0.00021362300321925431
896,396.3529968261719,33.1260986328125,-0.0045489100739359856,-89.93119812011719,-0.00024413999926764518
897,396.3529968261719,32.8291015625,0.00430301995947957,-89.93119812011719,-0.00030517601408064365
898,396.3529968261719,32.54560089111328,-0.0045489100739359856,-89.93119812011719,-0.0003662109957076609
899,396.35400390625,32.248600006103516,0.004289359785616398,-89.93109893798828,-0.0003967279917560518
900,396.35400390625,31.965099334716797,-0.004576229956001043,-89.93109893798828,-0.0003967279917560518
901,396.35400390625,31.668100357055664,0.004275700077414513,-89.93109893798828,-0.00042724600643850863
902,396.3550109863281,31.391399383544922,-0.004521590191870928,-89.93099975585938,-0.00042724600643850863
903,396.3550109863281,31.10140037536621,0.004371319897472858,-89.93099975585938,-0.000457763992017135
904,396.3550109863281,30.824800491333008,-0.004576229956001043,-89.93099975585938,-0.0004882809880655259
905,396.3559875488281,30.534799575805664,0.004357660189270973,-89.93099975585938,-0.0005187990027479827
906,396.3559875488281,30.25819969177246,-0.004576229956001043,-89.93090057373047,-0.0005493159987963736
907,396.3559875488281,29.96820068359375,0.004337170161306858,-89.93090057373047,-0.0005187990027479827
908,396.35699462890625,29.691600799560547,-0.004610380157828331,-89.93090057373047,-0.0005187990027479827
909,396.35699462890625,29.401599884033203,0.0043235099874436855,-89.93090057373047,-0.0005187990027479827
910,396.35699462890625,29.125,-0.004610380157828331,-89.93090057373047,-0.0005493169883266091
911,396.3580017089844,28.83489990234375,0.004309849813580513,-89.93090057373047,-0.0005493159987963736
912,396.3580017089844,28.558399200439453,-0.004610380157828331,-89.93090057373047,-0.000579833984375
913,396.3580017089844,28.268299102783203,0.00430301995947957,-89.93090057373047,-0.0006103509804233909
914,396.3590087890625,27.99180030822754,-0.004637700039893389,-89.93090057373047,-0.000579833984375
915,396.3590087890625,27.70170021057129,0.004296190105378628,-89.93090057373047,-0.0005493159987963736
916,396.3590087890625,27.425199508666992,-0.004637700039893389,-89.93080139160156,-0.0005493159987963736
917,396.3599853515625,27.135099411010742,0.004296190105378628,-89.93080139160156,-0.000579833984375
918,396.3599853515625,26.858600616455078,-0.004637700039893389,-89.93080139160156,-0.000579833984375
919,396.3609924316406,26.568500518798828,0.004289359785616398,-89.93080139160156,-0.0006103520281612873
920,396.3609924316406,26.29199981689453,-0.004637700039893389,-89.93080139160156,-0.0006408690242096782
921,396.3609924316406,26.00189971923828,0.004282529931515455,-89.93080139160156,-0.0006103520281612873
922,396.3609924316406,25.737699508666992,-0.004521590191870928,-89.93080139160156,-0.000579833984375
923,396.36199951171875,25.460100173950195,0.004460109863430262,-89.93080139160156,-0.000579833984375
924,396.36199951171875,25.19610023498535,-0.004637700039893389,-89.93080139160156,-0.000579833984375
925,396.36199951171875,24.918500900268555,0.004432789981365204,-89.93080139160156,-0.0005493159987963736
926,396.3630065917969,24.654499053955078,-0.004637700039893389,-89.93080139160156,-0.000579833984375
927,396.3630065917969,24.376800537109375,0.004412299953401089,-89.93080139160156,-0.0005493159987963736
928,396.3630065917969,24.112899780273438,-0.004671849776059389,-89.93080139160156,-0.000579833984375
929,396.364013671875,23.8351993560791,0.004391809925436974,-89.93080139160156,-0.0005187990027479827
930,396.364013671875,23.571300506591797,-0.004699170123785734,-89.93080139160156,-0.0005187990027479827
931,396.364013671875,23.29360008239746,0.004378150217235088,-89.93080139160156,-0.0004882809880655259
932,396.364990234375,23.029699325561523,-0.004699170123785734,-89.93080139160156,-0.0004882809880655259
933,396.364990234375,22.75200080871582,0.004371319897472858,-89.93080139160156,-0.0004882809880655259
934,396.364990234375,22.488100051879883,-0.004699170123785734,-89.93080139160156,-0.0005187990027479827
935,396.3659973144531,22.210399627685547,0.004357660189270973,-89.93080139160156,-0.0005187990027479827
936,396.3659973144531,21.946500778198242,-0.004699170123785734,-89.93080139160156,-0.0004882809880655259
937,396.3659973144531,21.668800354003906,0.004350829869508743,-89.93080139160156,-0.0004882809880655259
938,396.36700439453125,21.40489959716797,-0.0047333198599517345,-89.93080139160156,-0.0004882809880655259
939,396.36700439453125,21.127199172973633,0.004344000015407801,-89.93080139160156,-0.0004882809880655259
940,396.36700439453125,20.863300323486328,-0.0047333198599517345,-89.93080139160156,-0.0004882809880655259
941,396.3680114746094,20.585599899291992,0.004344000015407801,-89.93080139160156,-0.0004882809880655259
942,396.3680114746094,20.3356990814209,-0.003353619948029518,-89.93080139160156,-0.0005187990027479827
943,396.3680114746094,20.073200225830078,0.0060583800077438354,-89.93080139160156,-0.0004882809880655259
944,396.3680114746094,19.82349967956543,-0.002076379954814911,-89.93080139160156,-0.0004882809880655259
945,396.3689880371094,19.56100082397461,0.007212679833173752,-89.93080139160156,-0.000457763992017135
946,396.3689880371094,19.311399459838867,-0.0010381899774074554,-89.93080139160156,-0.000457763992017135
947,396.3689880371094,19.048799514770508,0.00812792032957077,-89.93080139160156,-0.00042724600643850863
948,396.3689880371094,18.7992000579834,-0.0002458870003465563,-89.93080139160156,-0.00042724600643850863
949,396.3699951171875,18.536699295043945,0.008872410282492638,-89.93080139160156,-0.00042724600643850863
950,396.3699951171875,18.287099838256836,0.00043713199556805193,-89.93080139160156,-0.00042724600643850863
951,396.3699951171875,18.024499893188477,0.009466639719903469,-89.93080139160156,-0.0003967279917560518
952,396.3710021972656,17.774900436401367,0.0009698870126157999,-89.93080139160156,-0.00039672901039011776
953,396.3710021972656,17.512399673461914,0.009944749996066093,-89.93080139160156,-0.0003662109957076609
954,396.3710021972656,17.262800216674805,0.0013933599693700671,-89.93080139160156,-0.0003662109957076609
955,396.37200927734375,17.000200271606445,0.010320399887859821,-89.93080139160156,-0.0003662109957076609
956,396.37200927734375,16.750600814819336,0.0017280400497838855,-89.93080139160156,-0.0003662109957076609
957,396.37200927734375,16.488100051879883,0.010634600184857845,-89.93080139160156,-0.0003662109957076609
958,396.37200927734375,16.238500595092773,0.002014910103753209,-89.93080139160156,-0.0003662109957076609
959,396.37298583984375,15.975899696350098,0.010880500078201294,-89.93080139160156,-0.0003356930101290345
960,396.37298583984375,15.726300239562988,0.0022334700915962458,-89.93080139160156,-0.0003356930101290345
961,396.3739929199219,15.463800430297852,0.011078599840402603,-89.93080139160156,-0.00033569399965927005
962,396.3739929199219,15.21969985961914,0.005470979958772659,-89.93080139160156,-0.0003356930101290345
963,396.3739929199219,14.972399711608887,0.0050748297944664955,-89.93080139160156,-0.00030517601408064365
964,396.3739929199219,14.725299835205078,0.004391809925436974,-89.93090057373047,-0.00030517601408064365
965,396.375,14.477999687194824,0.003968339879065752,-89.93090057373047,-0.00030517601408064365
966,396.375,14.230899810791016,0.0034355800598859787,-89.93090057373047,-0.00030517601408064365
967,396.375,13.983599662780762,0.0031077400781214237,-89.93090057373047,-0.0002746579993981868
968,396.3760070800781,13.736499786376953,0.002677429933100939,-89.93090057373047,-0.0002746579993981868
969,396.3760070800781,13.489299774169922,0.002424719976261258,-89.93090057373047,-0.0002746579993981868
970,396.3760070800781,13.24209976196289,0.002076379954814911,-89.93090057373047,-0.00024414100334979594
971,396.3760070800781,12.99489974975586,0.0018851299537345767,-89.93090057373047,-0.00024414100334979594
972,396.37701416015625,12.74779987335205,0.001598260016180575,-89.93090057373047,-0.00024414100334979594
973,396.37701416015625,12.500499725341797,0.001461660023778677,-89.93090057373047,-0.00024414100334979594
974,396.37701416015625,12.253399848937988,0.0012157700257375836,-89.93090057373047,-0.00024414100334979594
975,396.37799072265625,12.006199836730957,0.0011201499728485942,-89.99690246582031,-0.0007629389874637127
976,396.37799072265625,11.758999824523926,0.0009357359958812594,-90.06629943847656,-0.0007629389874637127
977,396.37799072265625,11.511799812316895,-0.0008879249799065292,-90.13880157470703,-0.00021362300321925431
978,396.37799072265625,11.264699935913086,-0.003660979913547635,-90.21540069580078,-0.00042724600643850863
979,396.37799072265625,11.017499923706055,-0.0055597699247300625,-90.2959976196289,-0.0027771000750362873
980,396.37701416015625,10.770299911499023,-0.0073902602307498455,-90.38189697265625,-0.0043640099465847015
981,396.37701416015625,10.523099899291992,-0.007936679758131504,-90.47380065917969,-0.0026245100889354944
982,396.3760070800781,10.275899887084961,-0.008483090437948704,-90.5730972290039,-0.0003662109957076609
983,396.364990234375,10.029600143432617,-0.01049800030887127,-90.95760345458984,-0.035705599933862686
984,396.3529968261719,9.783269882202148,-0.014042899943888187,-91.3550033569336,-0.06021120026707649
985,396.3389892578125,9.53695011138916,-0.016658799722790718,-91.76509857177734,-0.08267209678888321
986,396.32501220703125,9.290650367736816,-0.019008399918675423,-92.19010162353516,-0.10180699825286865
987,396.3089904785156,9.044349670410156,-0.01989630050957203,-92.63200378417969,-0.11355599761009216
988,396.2919921875,8.798080444335938,-0.02087309956550598,-93.09420013427734,-0.12222299724817276
989,396.27398681640625,8.551839828491211,-0.0206339992582798,-93.5802993774414,-0.12637299299240112
990,396.2550048828125,8.30562973022461,-0.0187694001942873,-94.09490203857422,-0.12951700389385223
991,396.2340087890625,8.059479713439941,-0.017608199268579483,-94.64309692382812,-0.13217200338840485
992,396.2120056152344,7.813389778137207,-0.01626949943602085,-95.23300170898438,-0.13266000151634216
993,396.1669921875,7.573080062866211,-0.015777699649333954,-95.93620300292969,-0.18469199538230896
994,396.1210021972656,7.333069801330566,-0.015688899904489517,-96.65260314941406,-0.2235109955072403
995,396.0719909667969,7.093239784240723,-0.014862500131130219,-97.38259887695312,-0.25460800528526306
996,396.02099609375,6.853640079498291,-0.011809400282800198,-98.12930297851562,-0.278685986995697
997,395.9679870605469,6.614319801330566,-0.009705699980258942,-98.89569854736328,-0.2990109920501709
998,395.9129943847656,6.375309944152832,-0.007752260193228722,-99.6863021850586,-0.3146359920501709
999,395.8559875488281,6.136650085449219,-0.005710040219128132,-100.50599670410156,-0.3258360028266907
1000,395.7959899902344,5.898409843444824,-0.004671849776059389,-101.36299896240234,-0.3306269943714142
